year,DAVY6b,DAVY4b,DAVY3b,DAVY2b,DAVY1b,HBR1b,HBR2b,HBR3b,HBR4b,HBR5b,HBR6b,HF1115b,HF1130b,HF1215b,HF1230b,HF1Rb,HF1315b,HF110b,HF1330b,HF130b,HDF2315,HF2Rb,HF210b,HDF220b,HDF230b,HF2130b,HF2330a,HS1130b,HS1230b,HS130b,HS1330b,HS120b,HS1215b,HS1315b,HS1Rb,HS110b,HS2330b,HS2Rb,HS2230b,HS2215b,HS230b,HS220b,HS210b,HS2315b,LBR1b,LBR2b,LBR3b,LBR4b,LBR5b,LF110b,LF1315b,LF1130b,LF120a,LF1230b,LF1Ra,LF130a,LF1215b,LF1115b,LF2130b,LF210b,LF2115b,LF220b,LF2215b,LF2230b,LF2Rb,LF230a,LF2330a,LF2315b,LF3Rb,LF3330a,LF3315a,LF330a,LDF320A,LF3230a,LF3215a,LF3115a,LF3130b,LS1115B,LS130A,LS120A,LS1215a,LDS1T1A,LS1330b,LS1R,LS1230a,LS2215a,LS2RA,LS2130a,LS2315a,LS320a,LS310b,LS3115a,LS3130a,LS3215a,LS3230A,LS330b,MF1215a,MF1230a,MDF110a,MF1Ra,MF120a,MF1330a,MF1115a,MF130a,MF1315a,MF1130a,MF220a,MF2215a,MF230a,MF210b,MF2230a,MF2315a,MF2130a,MF2115a,MF2330a,MF320a,MF3215a,MF3315a,MF330a,MF310a,MF3Ra,MF3330a,MF3130a,MF3115a,MF3230a,MF4115a,MF4Ra,MF4315b,MF410a,MF4130a,MF4215a,MD420C,MD430c,MS1130a,MS130a,MS1230a,MS1115b,MS110a,MS1Ra,MS1215a,MS120b,MS1315b,1330A,MS2130a,MS210a,MS2215b,MS230b,MS220a,MS2315c,MS23b
1875,,,,,,,,,,,,,,,,,,,,,,,,,,,,,,,,,,,,,,,,,,,,,,,,,,,,,,,,,,,,,,,,,,,,,,,,,,,,,,,,,,,,,,1.619,,,,,,,,,,,,,,,,,,,,,,,,,,,,,,,,,,,,,,,,,,,,,,,,,,,,,,,,,,,,,,,,
1876,,,,,,,,,,,,,,,,,,,,,,,,,,,,,,,,,,,,,,,,,,,,,,,,,,,,,,,,,,,,,,,,,,,,,,,,,,,,,,,,,,,,,,1.439,,,,,,,,,,,,,,,,,,,,,,,,,,,,,,,,,,,,,,,,,,,,,,,,,,,,,,,,,,,,,,,,
1877,,,,,,,,,,,,,,,,,,,,,,,,,,,,,,,,,,,,,,,,,,,,,,,,,,,,,,,,,,,,,,,,,,,,,,,,,,,,,,,,,,,,,,1.401,,,,,,,,,,,,,,,,,,,,,,,,,,,,,,,,,,,,,,,,,,,,,,,,,,,,,,,,,,,,,,,,
1878,,,,,,,,,,,,,,,,,,,,,,,,,,,,,,,,,,,,,,,,,,,,,,,,,,,,,,,,,,,,,,,,,,,,,,,,,,,,,,,,,,,,,,1.022,,,,,,,,,,,,,,,,,,,,,,,,,,,,,,,,,,,,,,,,,,,,,,,,,,,,,,,,,,,,,,,,
1879,,,,,,,,,,,,,,,,,,,,,,,,,,,,,,,,,,,,,,,,,,,,,,,,,,,,,,,,,,,,,,,,,,,,,,,,,,,,,,,,,,,,,,1.567,,,,,,,,,,,,,,,,,,,,,,,,,,,,,,,,,,,,,,,,,,,,,,,,,,,,,,,,,,,,,,,,
1880,,,,,,,,,,,,,,,,,,,,,,,,,,,,,,,,,,,,,,,,,,,,,,,,,,,,,,,,,,,,,,,,,,,,,,,,,,,,,,,,,,,,,,1.863,,,,,,,,,,,,,,,,,,,,,,,,,,,,,,,,,,,,,,,,,,,,,,,,,,,,,,,,,,,,,,,,
1881,,,,,,,,,,,,,,,,,,,,,,,,,,,,,,,,,,,,,,,,,,,,,,,,,,,,,,,,,,,,,,,,,,,,,,,,,,,,,,,,,,,,,,1.348,,,,,,,,,,,,,,,,,,,,,,,,,,,,,,,,,,,,,,,,,,,,,,,,,,,,,,,,,,,,,,,,
1882,,,,,,,,,,,,,,,,,,,,,,,,,,,,,,,,,,,,,,,,,,,,,,,,,,,,,,,,,,,,,,,,,,,,,,,,,,,,,,,,,,,,,,1.389,,,,,,,,,,,,,,,,,,,,,,,,,,,,,,,,,,,,,,,,,,,,,,,,,,,,,,,,,,,,,,,,
1883,,,,,,,,,,,,,,,,,,,,,,,,,,,,,,,,,,,,,,,,,,,,,,,,,,,,,,,,,,,,,,,,,,,,,,,,,,,,,,,,,,,,,,1.945,,,,,,,,,,,,,,,,,,,,,,,,,,,,,,,,,,,,,,,,,,,,,,,,,,,,,,,,,,,,,,,,
1884,,,,,,,,,,,,,,,,,,,,,,,,,,,,,,,,,,,,,,,,,,,,,,,,,,,,,,,,,,,,,,,,,,,,,,,,,,,,,,,,,,,,,,1.145,,,,,,,,,,,,,,,,,,,,,,,,,,,,,,,,,,,,,,,,,,,,,,,,,,,,,,,,,,,,,,,,
1885,,,,,,,,,,,,,,,,,,,,,,,,,,,,,,,,,,,,,,,,,,,,,,,,,,,,,,,,,,,,,,,,,,,,,,,,,,,,,,,,,,,,,,1.131,,,,,,,,,,,,,,,,,,,,,,,,,,,,,,,,,,,,,,,,,,,,,,,,,,,,,,,,,,,,,,,,
1886,,,,,,,,,,,,,,,,,,,,,,,,,,,,,,,,,,,,,,,,,,,,,,,,,,,,,,,,,,,,,,,,,,,,,,,,,,,,,,,,,,,,,,1.27,,,,,,,,,,,,,,,,,,,,,,,,,,,,,,,,,,,,,,,,,,,,,,,,,,,,,,,,,,,,,,,,
1887,,,,,,,,,,,,,,,,,,,,,,,,,,,,,,,,,,,,,,,,,,,,,,,,,,,,,,,,,,,,,,,,,,,,,,,,,,,,,,,,,,,,,,0.791,,,,,,,,,,,,,,,,,,,,,,,,,,,,,,,,,,,,,,,,,,,,,,,,,,,,,,,,,,,,,,,,
1888,,,,,,,,,,,,,,,,,,,,,,,,,,,,,,,,,,,,,,,,,,,,,,,,,,,,,,,,,,,,,,,,,,,,,,,,,,,,,,,,,,,,,,1.448,,,,,,,,,,,,,,,,,,,,,,,,,,,,,,,,,,,,,,,,,,,,,,,,,,,,,,,,,,,,,,,,
1889,,,,,,,,,,,,,,,,,,,,,,,,,,,,,,,,,,,,,,,,,,,,,,,,,,,,,,,,,,,,,,,,,,,,,,,,,,,,,,,,,,,,,,1.378,,,,,,,,,,,,,,,,,,,,,,,,,,,,,,,,,,,,,,,,,,,,,,,,,,,,,,,,,,,,,,,,
1890,,,,,,,,,,,,,,,,,,,,,,,,,,,,,,,,,,,,,,,,,,,,,,,,,,,,,,,,,,,,,,,,,,,,,,,,,,,,,,,,,,,,,,0.709,,,,,,,,,,,,,,,,,,,,,,,,,,,,,,,,,,,,,,,,,,,,,,,,,,,,,,,,,,,,,,,,
1891,,,,,,,,,,,,,,,,,,,,,,,,,,,,,,,,,,,,,,,,,,,,,,,,,,,,,,,,,,,,,,,,,,,,,,,,,,,,,,,,,,,,,,1.809,,,,,,,,,,,,,,,,,,,,,,,,,,,,,,,,,,,,,,,,,,,,,,,,,,,,,,,,,,,,,,,,
1892,,,,,,,,,,,,,,,,,,,,,,,,,,,,,,,,,,,,,,,,,,,,,,,,,,,,,,,,,,,,,,,,,,,,,,,,,,,,,,,,,,,,,,1.344,,,,,,,,,,,,,,,,,,,,,,,,,,,,,,,,,,,,,,,,,,,,,,,,,,,,,,,,,,,,,,,,
1893,,,,,,,,,,,,,,,,,,,,,,,,,,,,,,,,,,,,,,,,,,,,,,,,,,,,,,,,,,,,,,,,,,,,,,,,,,,,,,,,,,,,,,1.04,,,,,,,,,,,,,,,,,,,,,,,,,,,,,,,,,,,,,,,,,,,,,,,,,,,,,,,,,,,,,,,,
1894,,,,,,,,,,,,,,,,,,,,,,,,,,,,,,,,,,,,,,,,,,,,,,,,,,,,,,,,,,,,,,,,,,,,,,,,,,,,,,,,,,,,,,1.317,,,,,,,,,,,,,,,,,,,,,,,,,,,,,,,,,,,,,,,,,,,,,,,,,,,,,,,,,,,,,,,,
1895,,,,,,,,,,,,,,,,,,,,,,,,,,,,,,,,,,,,,,,,,,,,,,,,,,,,,,,,,,,,,,,,,,,,,,,,,,,,,,,,,,,,,,1.027,,,,,,,,,,,,,,,,,,,,,,,,,,,,,,,,,,,,,,,,,,,,,,,,,,,,,,,,,,,,,,,,
1896,,,,,,,,,,,,,,,,,,,,,,,,,,,,,,,,,,,,,,,,,,,,,,,,,,,,,,,,,,,,,,,,,,,,,,,,,,,,,,,,,,,,,,0.896,,,,,,,,,,,,,,,,,,,,,,,,,,,,,,,,,,,,,,,,,,,,,,,,,,,,,,,,,,,,,,,,
1897,,,,,,,,,,,,,,,,,,,,,,,,,,,,,,,,,,,,,,,,,,,,,,,,,,,,,,,,,,,,,,,,,,,,,,,,,,,,,,,,,,,,,,1.431,,,,,,,,,,,,,,,,,,,,,,,,,,,,,,,,,,,,,,,,,,,,,,,,,,,,,,,,,,,,,,,,
1898,,,,,,,,,,,,,,,,,,,,,,,,,,,,,,,,,,,,,,,,,,,,,,,,,,,,,,,,,,,,,,,,,,,,,,,,,,,,,,,,,,,,,,1.216,,,,,,,,,,,,,,,,,,,,,,,,,,,,,,,,,,,,,,,,,,,,,,,,,,,,,,,,,,,,,,,,
1899,,,,,,,,,,,,,,,,,,,,,,,,,,,,,,,,,,,,,,,,,,,,,,,,,,,,,,,,,,,,,,,,,,,,,,,,,,,,,,,,,,,,,,0.974,,,,,,,,,,,,,,,,,,,,,,,,,,,,,,,,,,,,,,,,,,,,,,,,,,,,,,,,,,,,,,,,
1900,,,,,,,,,,,,,,,,,,,,,,,,,,,,,,,,,,,,,,,,,,,,,,,,,,,,,,,,,,,,,,,,,,,,,,,,,,,,,,,,,,,,,,1.601,,,,,,,,,,,,,,,,,,,,,,,,,,,,,,,,,,,,,,,,,,,,,,,,,,,,,,,,,,,,,,,,
1901,,,,,,,,,,,,,,,,,,,,,,,,,,,,,,,,,,,,,,,,,,,,,,,,,,,,,,,,,,,,,,,,,,,,,,,,,,,,,,,,,,,,,,1.665,,,,,,,,,,,,,,,,,,,,,,,,,,,,,,,,,,,,,,,,,,,,,,,,,,,,,,,,,,,,,,,,
1902,,,,,,,,,,,,,,,,,,,,,,,,,,,,,,,,,,,,,,,,,,,,,,,,,,,,,,,,,,,,,,,,,,,,,,,,,,,,,,,,,,,,,,2.135,,,,,,,,,,,,,,,,,,,,,,,,,,,,,,,,,,,,,,,,,,,,,,,,,,,,,,,,,,,,,,,,
1903,,,,,,,,,,,,,,,,,,,,,,,,,,,,,,,,,,,,,,,,,,,,,,,,,,,,,,,,,,,,,,,,,,,,,,,,,,,,,,,,,,,,,,1.644,,,,,,,,,,,,,,,,,,,,,,,,,,,,,,,,,,,,,,,,,,,,,,,,,,,,,,,,,,,,,,,,
1904,,,,,,,,,,,,,,,,,,,,,,,,,,,,,,,,,,,,,,,,,,,,,,,,,,,,,,,,,,,,,,,,,,,,,,,,,,,,,,,,,,,1.124,,,1.491,,,,,,,,,,,,,,,,,,,,,,,,,,,,,,,,,,,,,,,,,,,,,,,,,,,,,,,,,,,,,,,,
1905,,,,,,,,,,,,,,,,,,,,,,,,,,,,,,,,,,,,,,,,,,,,,,,,,,,,,,,,,,,,,,,,,,,,,,,,,,,,,,,,,,,0.348,,,0.809,,,,,,,,,,,,,,,,,,,,,,,,,,,,,,,,,,,,,,,,,,,,,,,,,,,,,,,,,,,,,,,,
1906,,,,,,,,,,,,,,,,,,,,,,,,,,,,,,,,,,,,,,,,,,,,,,,,,,,,,,,,,,,,,,,,,,,,,,,,,,,,,,,,,,,0.547,,,1.842,,,,,,,,,,,,,,,,,,,,,,,,,,,,,,,,,,,,,,,,,,,,,,,,,,,,,,,,,,,,,,,,
1907,,,,,,,,,,,,,,,,,,,,,,,,,,,,,,,,,,,,,,,,,,,,,,,,,,,,,,,,,,,,,,,,,,,,,,,,,,,,,,,,,,,0.682,,,1.955,,,,,,,,,,,,,,,,,,,,,,,,,,,,,,,,,,,,,,,,,,,,,,,,,,,,,,,,,,,,,,,,
1908,,,,,,,,,,,,,,,,,,,,,,,,,,,,,,,,,,,,,,,,,,,,,,,,,,,,,,,,,,,,,,,,,,,,,,,,,,,,,,,,,,,0.757,,,1.093,,,,,,,,,,,,,,,,,,,,,,,,,,,,,,,,,,,,,,,,,,,,,,,,,,,,,,,,,,,,,,,,
1909,,,,,,,,,,,,,,,,,,,,,,,,,,,,,,,,,,,,,,,,,,,,,,,,,,,,,,,,,,,,,,,,,,,,,,,,,,,,,,,,,,,0.65,,,1.202,,,,,,,,,,,,,,,,,,,,,,,,,,,,,,,,,,,,,,,,,,,,,,,,,,,,,,,,,,,,,,,,
1910,,,,,,,,,,,,,,,,,,,,,,,,,,,,,,,,,,,,,,,,,,,,,,,,,,,,,,,,,,,,,,,,,,,,,,,,,,,,,,,,,,,0.293,,,0.854,,,,,,,,,,,,,,,,,,,,,,,,,,,,,,,,,,,,,,,,,,,,,,,,,,,,,,,,,,,,,,,,
1911,,,,,,,,,,,,,,,,,,,,,,,,,,,,,,,,,,,,,,,,,,,,,,,,,,,,,,,,,,,,,,,,,,,,,,,,,,,,,,,,,,,0.712,,,1.997,,,,,,,,,,,,,,,,,,,,,,,,,,,,,,,,,,,,,,,,,,,,,,,,,,,,,,,,,,,,,,,,
1912,,,,,,,,,,,,,,,,,,,,,,,,,,,,,,,,,,,,,,,,,,,,,,,,,,,,,,,,,,,,,,,,,,,,,,,,,,,,,,,,,,,0.959,,,1.647,,,,,,,,,,,,,,,,,,,,,,,,,,,,,,,,,,,,,,,,,,,,,,,,,,,,,,,,,,,,,,,,
1913,,,,,,,,,,,,,,,,,,,,,,,,,,,,,,,,,,,,,,,,,,,,,,,,,,,,,,,,,,,,,,,,,,,,,,,,,,,,,,,,,,,0.78,,,1.162,,,,,,,,,,,,,,,,,,,,,,,,,,,,,,,,,,,,,,,,,,,,,,,,,,,,,,,,,,,,,,,,
1914,,,,,,,,,,,,,,,,,,,,,,,,,,,,,,,,,,,,,,,,,,,,,,,,,,,,,,,,,,,,,,,,,,,,,,,,,,,,,,,,,,,1.477,,,1.667,,,,,,,,,,,,,,,,,,,,,,,,,,,,,,,,,,,,,,,,,,,,,,,,,,,,,,,,,,,,,,,,
1915,,,,,,,,,,,,,,,,,,,,,,,,,,,,,,,,,,,,,,,,,,,,,,,,,,,,,,,,,,,,,,,,,,,,,,,,,,,,,,,,,,,1.014,,,1.317,,,,,,,,,,,,,,,,,,,,,,,,,,,,,,,,,,,,,,,,,,,,,,,,,,,,,,,,,,,,,,,,
1916,,,,,,,,,,,,,,,,,,,,,,,,,,,,,,,,,,,,,,,,,,,,,,,,,,,,,,,,,,,,,,,,,,,,,,,,,,,,,,,,,,,1.631,,,2.11,,,,,,,,,,,,,,,,,,,,,,,,,,,,,,,,,,,,,,,,,,,,,,,,,,,,,,,,,,,,,,,,
1917,,,,,,,,,,,,,,,,,,,,,,,,,,,,,,,,,,,,,,,,,,,,,,,,,,,,,,,,,,,,,,,,,,,,,,,,,,,,,,,,,,,1.638,,,1.422,,,,,,,,,,,,,,,,,,,,,,,,,,,,,,,,,,,,,,,,,,,,,,,,,,,,,,,,,,,,,,,,
1918,,,,,,,,,,,,,,,,,,,,,,,,,,,,,,,,,,,,,,,,,,,,,,,,,,,,,,,,,,,,,,,,,,,,,,,,,,,,,,,,,,,1.694,,,1.309,,,,,,,,,,,,,,,,,,,,,,,,,,,,,,,,,,,,,,,,,,,,,,,,,,,,,,,,,,,,,,,,
1919,,,,,,,,,,,,,,,,,,,,,,,,,,,,,,,,,,,,,,,,,,,,,,,,,,,,,,,,,,,,,,,,,,,,,,,,,,,,,,,,,,,0.805,,,0.697,,,,,,,,,,,,,,,,,,,,,,,,,,,,,,,,,,,,,,,,,,,,,,,,,,,,,,,,,,,,,,,,
1920,,,,,,,,,,,,,,,,,,,,,,,,,,,,,,,,,,,,,,,,,,,,,,,,,,,,,,,,,,,,,,,,,,,,,,,,,,,,,,,,,,,1.642,,,1.043,,,,,,,,,,,,,,,,,,,,,,,,,,,,,,,,,,,,,,,,,,,,,,,,,,,,,,,,,,,,,,,,
1921,,,,,,,,,,,,,,,,,,,,,,,,,,,,,,,,,,,,,,,,,,,,,,,,,,,,,,,,,,,,,,,,,,,,,,,,,,,,,,,,,,,1.226,,,1.501,,,,,,,,,,,,,,,,,,,,,,,,,,,,,,,,,,,,,,,,,,,,,,,,,,,,,,,,,,,,,,,,
1922,,,,,,,,,,,,,,,,,,,,,,,,,,,,,,,,,,,,,,,,,,,,,,,,,,,,,,,,,,,,,,,,,,,,,,,,,,,,,,,,,,,1.182,,,1.032,,,,,,,,,,,,,,,,,,,,,,,,,,,,,,,,,,,,,,,,,,,,,,,,,,,,,,,,,,,,,,,,
1923,,,,,,,,,,,,,,,,,,,,,,,,,,,,,,,,,,,,,,,,,,,,,,,,,,,,,,,,,,,,,,,,,,,,,,,,,,,,,,,,,,,0.954,,,1.126,,,,,,,,,,,,,,,,,,,,,,,,,,,,,,,,,,,,,,,,,,,,,,,,,,,,,,,,,,,,,,,,
1924,,,,,,,,,,,,,,,,,,,,,,,,,,,,,,,,,,,,,,,,,,,,,,,,,,,,,,,,,,,,,,,,,,,,,,,,,,,,,,,,,,,1.077,,,0.966,,,,,,,,,,,,,,,,,,,,,,,,,,,,,,,,,,,,,,,,,,,,,,,,,,,,,,,,,,,,,,,,
1925,,,,,,,,,,,,,,,,,,,,,,,,,,,,,,,,,,,,,,,,,,,,,,,,,,,,,,,,,,,,,,,,,,,,,,,,,,,,,,,,,,,0.858,,,1.057,,,,,,,,,,,,,,,,,,,,,,,,,,,,,,,,,,,,,,,,,,,,,,,,,,,,,,,,,,,,,,,,
1926,,,,,,,,,,,,,,,,,,,,,,,,,,,,,,,,,,,,,,,,,,,,,,,,,,,,,,,,,,,,,,,,,,,,,,,,,,,,,,,,,,,1.464,,,0.808,,,,,,,,,,,,,,,,,,,,,,,,,,,,,,,,,,,,,,,,,,,,,,,,,,,,,,,,,,,,,,,,
1927,,,,,,,,,,,,,,,,,,,,,,,,,,,,,,,,,,,,,,,,,,,,,,,,,0.1765,,,,,,,,,,,,,,,,,,,,,,,,,,,,,,,,0.603,,1.543,,,0.895,,,,,,,,,,,,,,,,,,,,,,,,,,,,,,,,,,,,,,,,,,,,,,,,,,,,,,,,,,,,,,,,
1928,,,,,,,,,,,,,,,,,,,,,,,,,,,,,,,,,,,,,,,,,,,,,,,,,0.2785,,,,,,,,,,,,,,,,,,,,,,,,,,,,,,,,2.285,,2.423,,,1.291,,,,,,,,,,,,,,,,,,,,,,,,,,,,,,,,,,,,,,,,,,,,,,,,,,,,,,,,,,,,,,,,
1929,,,,,,,,,,,,,,,,,,,,,,,,,,,,,,,,,,,,,,,,,,,,,,,,,0.327,,,,,,0.393,,,,,,,,,,,,,,,,,,,,,,,,,,1.521,,2.25,,,1.834,,,,,,,,,,,,,,,,,,,,,,,,,,,,,,,,,,,,,,,,,,,,,,,,,,,,,,,,,,,,,,,,
1930,,,,,,,,,,,,,,,,,,,,,,,,,,,,,,,,,,,,,,,,,,,,,,,,,0.2345,,,,,,0.759,,,,,,,,,,,,,,,,,,,,,,,,,,0.412,,1.457,,,1.09,,,,,,,,,,,,,,,,,,,,,,,,,,,,,,,,,,,,,,,,,,,,,,,,,,,,,,,,,,,,,,,,
1931,,,,,,,,,,,,,,,,,,,,,,,,,,,,,,,,,,,,,,,,,,,,,,,,,0.3245,,,,,,0.863,,,,,,,,,,,,,,,,,,,,,,,,,,0.762,,1.777,,,1.713,,,,,,,,,,,,,,,,,,,,,,,,,,,,,,,,,,,,,,,,,,,,,,,,,,,,,,,,,,,,,,,,
1932,,,,,,,,,,,,,,,,,,,,,,,,,,,,,,,,,,,,,,,,,,,,,,,,,0.272,,,,,,0.753,,,,,,,,,,,,,,,,,,,,,,,,,,0.786,,1.719,,,1.232,,,,,,,,,,,,,,,,,,,,,,,,,,,,,,,,,,,,,,,,,,,,,,,,,,,,,,,,,,,,,,,,
1933,,,,,,,,,,,,,,,,,,,,,,,,,,,,,,,,,,,,,,,,,,,,,,,,,0.143,,,,,,0.652,,,,,,,,,,,,,,,,,,,,,,,,,,0.4045,,1.095,,,1.242,,,,,,,,,,,,,,,,,,,,,,,,,,,,,,,,,,,,,,,,,,,,,,,,,,,,,,,,,,,,,,,,
1934,,,,,,,,,,,,,,,,,,,,,,,,,,,,,,,,,,,,,,,,,,,,,,,,,0.1315,,,,,,0.645,,,,,,,,,,,,,,,,,,,,,,,,,,0.777,,1.168,,,1.472,,,,,,,,,,,,,,,,,,,,,,,,,,,,,,,,,,,,,,,,,,,,,,,,,,,,,,,,,,,,,,,,
1935,,,,,,,,,,,,,,,,,,,,,,,,,,,,,,,,,,,,,,,,,,,,,,,,,0.0755,,,,,,1.292,,,,,,,,,,,,,,,,,,,,,,,,,,1.4435,,2.401,,,1.544,,,,,,,,,,,,,,,,,,,,,,,,,,,,,,,,,,,,,,,,,,,,,,,,,0.408,,,,,,,,,,,,,,,
1936,,,,,,,,,,,,,,,,,,,,,,,,,,,,,,,,,,,,,,,,,,,,,,,,,0.2,,,,,,0.868,,,,,,,,,,,,,,,,,,,,,,,,0.5025,,1.047,,1.902,,,0.963,,,,,,,,,,,,,,,,,,,,,,,,,,,,,,,,,,,,,,,,,,,,,,,,,0.2585,,,,,,,,,,,,,,,
1937,,,,,,,,,,,,,,,,,,,,,,,,,,,,,,,,,,,,,,,,,,,,,,,,,0.3655,,,,,,1.53,,,,,,,,,,,,,,,,,,,,,,,,0.492,,1.4125,,2.504,,0.457,0.949,,,,,,,,,,,,,,,,,,,,,,,,,,,,,,,,,,,,,,,,,,,,,,,,,0.434,,,,,,,,,,,,,,,
1938,,,,,,,,,,,,,,,,,,,,,,,,,,,,,,,,,,,,,,,,,,,,,,,,,0.3975,,,,,,1.597,,,,,,,,,,,,,,,,,,,,,,,,0.3435,,1.627,,2.196,,0.253,0.922,,,,,,,,,,,,,,,,,,,,,,,,,,,,,,,,,,,,,,,,,,,,,,,,,0.3,,,,,,,,,,,,,,,
1939,,,,,,,,,,,,,,,,,,,,,,,,,,,,,,,,,,,,,,,,,,,,,,,,,0.346,,,,,,1.629,,,,,,,,,,,,,,,,,,,,,,,,0.6945,,1.531,,2.515,,0.3965,1.056,,,,,,,,,,,,,,,,,,,,,,,,,,,,,,,,,,,,,,,,,,,,,,,,,0.404,,,,,,,,,,,,,,,
1940,,,,,,,,,,,,,,,,,,,,,,,,,,,,,,,,,,,,,,,,,,,,,,,,,0.539,,,,,,1.584,,,,,,,,,,,,,,,,,,,,,,,,0.6345,,1.967,,2.512,,0.4285,1.227,,,,,,,,,,,,,,,,,,,,,,,,,,,,,,,,,,,,,,,,,,,,,,,,,0.498,,,,,,,,,,,,,,,
1941,,,,,,,,,,,,,,,,,,,,,,,,,,,,,,,,,,,,,,,,,,,,,,,,,0.8565,,,,,,1.786,,,,,,,,,,,,,,,,,,,,,,,,0.5345,,2.3955,,1.454,,0.5555,1.101,,,,,,,,,,,,,,,,,,,,,,,,,,,,,,,,,,,,,,,,,,,,,,,,,0.821,,,,,,,,,,,,,,,
1942,,,,,,,,,,,,,,,,,,,,,,,,,,,,,,,,,,,,,,,,,,,,,,,,,0.6665,,,,,,2.05,,,,,,,,,,,,,,,,,,,,,,,,0.285,,2.411,,0.967,,0.46,1.195,,,0.3265,,,,,,,,,,,,,,,,,,,,,,,,,,,,,,,,,,,,,,,,,,,,,,0.5665,,,,,,,,,,,,,,,
1943,,,,,,,,,,,,,,,,,,,,,,,,,,,,,,,,,,,,,,,,,,,,,,,,,0.6505,,,,,,1.722,,,,,,,,,,,,,,,,,,,,,,,,0.115,,2.092,,1.859,,0.3645,1.45,,1.255,0.3485,,,,,,,,,,,,,,,,,,,,,,,,,,,,,,,,,,,,,,,,,,,,,,0.3515,,,,,,,,,,,,,,,
1944,,,,,,,,,,,,,,,,,,,,,,,,,,,,,,,,,,,,,,,,,,,,,,,,,1.1095,,,,,,2.145,,,,,,,,,,,,,,,,,,,,,,,,0.2215,,2.254,,4.415,,0.5545,2.376,,2.011,0.68,,,,,,,,,,,,,,,,,,,,,,,,,,,,,,,,,,,,,,,,,,,,,,0.38,,,,,,,,,,,,,,,
1945,,,,,,,,0.2075,,,,,,,,,,,,,,,,,,,,,,,,,,,,,,,,,,,,,,,,,1.027,,,,,,2.018,,,,,,,,,,,,,,,,,,,,,,,,0.2375,,1.5775,,2.509,,0.3165,1.555,,1.595,0.653,,,,,,,,,,,,,,,,,,,,,,,,,,,,,,,,,,,,,,,,,,,,,,0.4275,,,,,,,,,,,,,,,
1946,,,,,,,0.4095,0.155,,,,,,,,,,,,,,,,,,,,,,,,,,,,,,,,,,,,,,,,,0.763,,,,,,1.925,,,,,,,,,,,,,,,,,,,,,,,,0.27,,1.494,,3.242,,0.174,1.555,,1.069,0.4255,,,,,,,,,,,,,,,,,,,,,,,,,,,,,,,,,,,,,,,,,,,,,,0.444,,,,,,,,,,,,,,,
1947,,,,0.1685,,,0.2245,0.259,,,,,,,,,,,,,,,,,,,,,,,,,,,,,,,,,,,,,,,,,0.807,,,,,,2.082,,,,,,,,,,,,,,,,,,,,,,,,0.4755,,1.2365,,2.725,,0.332,1.523,,1.585,0.6045,,,,,,,,,,,,,,,,,,,,,,,,,,,,,,,,,,,,,,,,,,,,,,0.6025,,,,,,,,,,,,,,,
1948,,,,0.177,0.1545,,0.063,0.0835,,0.1565,0.1305,,,,,,,,,,,,,,,,,,,,,,,,,,,,,,,,,,,,,,0.6005,,,,,,2.267,,,,,,,1.5025,,,,,,,,,,,,,,,,,0.333,,1.205,1.718,2.01,,0.231,0.952,,0.879,0.542,,,,,,,,,,,,,,,,,,,,,,,,,,,,,,,,,,,,,,,,,,,,,,0.4755,,,,,,,,,,,,,,,
1949,,,,0.194,0.1295,,0.398,0.3595,,0.2425,0.1505,,,,,,,,,,,,,,,,,,,,,,,,,,,,,,,,,,,,,,0.457,,,,0.222,,2.046,,,,,,,1.0645,,,,,,,,,,,,,,,,,0.267,,1.4735,1.107,1.606,,0.1985,0.952,,1.1485,0.4145,,,,,,,,,,,,,,,,,,,,,,,,,,,,,,,,,,,,,,,,,0.3615,,,,,0.3645,,,,,,,,,,,,,,,
1950,,0.1625,0.1485,0.223,0.2705,,0.537,0.367,,0.521,0.1865,,,,,,,,,,,,,,,,0.668,,,,,,,,,,,,,,,,,,,,,,0.5535,,,,0.347,,2.402,,,,,,,0.851,,,,,,,,,,,,,,,,,0.2365,,1.377,1.054,1.612,,0.205,1.523,3.537,1.5205,0.5285,,,,,,,,,,,,,,,,,,,,,,,,,,0.253,,,,,,,,,,,,,,,0.7,0.3605,,,,0.492,,,,,,,,,,,,,,,
1951,0.227,0.1835,0.2005,0.314,0.439,0.177,0.75,0.2955,0.107,0.596,0.265,,,,,,,,,,,,,,,,1.43,,,,,,,,,,0.307,,,,,,,,,,,,0.49,,,,0.439,,1.836,,,,,,,0.626,,,,,,,,,,,,,,,,0.2095,0.1735,,1.377,0.996,1.52,,0.206,1.551,1.8875,0.919,0.401,,,,,,,,,,,,,,,,,,,0.526,,,,,,,0.3205,,,,,,0.4255,,,,,,,,,0.5525,0.3155,,,,0.349,,,,,,,,,,,,,,,
1952,0.21,0.418,0.3515,0.3685,0.37,0.165,0.835,0.3575,0.201,0.7375,0.454,,,,,,,,,,,,,,,,1.566,,,0.268,,,,,,,0.3725,,,,,,,,,,,,0.5215,,,,0.345,,1.832,,,,,,,0.964,,,,,,,,,,,,,,,,0.4035,0.189,,1.234,0.642,1.947,3.107,0.2675,1.206,1.822,1.0785,0.3695,,,,,,,,,,,,,,,,,,,0.5275,,,,,,,0.3515,,,,,,0.4115,,,,,,,,,0.758,0.549,0.546,,,0.444,,,,,0.7825,,0.857,,,,,,,,
1953,0.266,0.3245,0.404,0.353,0.597,0.272,0.244,0.123,0.3545,1.016,0.3125,,,,,,0.4385,,,,,,,,,,2.209,0.8315,,0.34,1.016,,0.349,,,,0.555,,,0.2085,,,,,,,,,0.4265,,,,0.348,,1.325,,,,,,,1.0115,,,,,,,,,,,,,,,,0.7135,0.3305,,1.3465,0.724,2.007,1.888,0.1585,1.016,1.221,0.74,0.571,,,,,,,,,,,,,,,,,,,0.709,,,,1.619,0.7645,0.8865,0.4265,,,,,,0.5075,,,,,,,,0.351,1.06,0.4945,0.581,0.494,,0.285,,,0.375,,1.01,,1.078,,,,,,,,
1954,0.241,0.291,0.263,0.259,0.514,0.205,0.5305,0.091,0.1925,0.4655,0.2015,,,,,,0.395,,,,,,,,,,0.815,0.594,0.418,0.5215,0.764,,0.25,0.249,,,0.4445,,,0.1205,,0.4725,,0.2295,,,,0.2475,0.2845,,,,0.232,,0.555,,,,,,,0.492,,,,,,,,,,,,,,,,0.38,0.35,,0.5845,0.4645,0.946,1.3785,0.1605,0.571,1.0155,0.638,0.3625,,,,,,,,,,,,0.286,,,,,,,0.6305,,,,1.1435,0.555,0.5475,0.255,,,,,,0.412,,,,,,,,0.5705,0.7265,0.2955,0.556,0.202,,0.2165,,,0.387,,0.712,,0.632,,,,,,,,0.165
1955,0.319,0.575,0.432,0.629,0.531,0.2155,0.92,0.4085,0.322,1.1405,0.3925,,,,,0.642,0.922,,,0.3025,,,0.517,,,,1.592,0.845,1.033,0.57,0.9125,,0.332,0.3675,,,0.492,,,0.441,0.521,0.42,0.366,0.3575,,,,0.3715,0.663,,,,0.21,,1.625,,,,,,,1.0375,,,,,,,,,,,,,,,,0.489,0.365,,1.155,1.357,1.365,2.689,0.568,0.984,1.492,0.696,0.7915,,,,,,,,,,,,0.4445,,,,,,,0.331,,,,1.103,0.6735,0.702,0.3165,,,,,,0.586,,,,,,,,0.419,0.6,0.5335,0.846,0.406,0.397,0.5595,0.239,,0.576,,0.575,0.7,1.038,,,,,,,,0.164
1956,0.35,0.4545,0.416,0.4425,0.4005,0.206,0.5225,0.538,0.4565,0.909,0.1965,,,0.4685,,0.8465,0.948,,,0.244,,,0.8235,,,,0.795,0.836,0.631,0.578,0.796,,0.471,0.2225,,,0.6315,0.1835,,0.298,0.61,0.5385,0.516,0.617,,,,0.3625,0.616,,,,0.158,,1.871,,,,,,,0.9915,,,,,1.069,,,,,,,,,,,0.518,0.2145,,1.1855,0.986,1.609,2.3545,0.3155,0.825,1.2065,0.948,0.6335,,,,,,,,,,,,0.623,,,,,,0.453,0.394,,0.4595,,1.443,0.656,0.9485,0.3675,0.569,,,,,0.6,,,0.6525,0.952,,,,0.4765,0.5215,0.3335,0.975,0.471,0.3965,0.4115,0.2255,,0.3605,0.4535,0.184,0.3005,0.436,,,,,,,,0.284
1957,0.691,0.448,0.4145,0.4795,0.7225,0.217,0.485,0.505,0.4355,1.087,0.2515,0.5945,,0.41,,0.773,0.8675,,,0.2625,,,0.8185,,0.2705,1.703,0.96,0.9005,1.0605,0.7865,0.828,,0.5755,0.2785,,,0.6,0.367,,0.383,0.518,0.758,0.5525,0.6005,,,,0.1605,0.474,,,,0.201,,1.302,,,,,,,0.9365,,,,,0.41,,,,,0.5525,,,,,,0.7495,0.2285,,0.8535,0.631,0.952,1.6735,0.221,0.571,0.841,0.851,0.3955,,,,,,,,,,,,0.522,,,0.3695,,,0.375,0.5675,,0.4455,,1.873,0.4465,1.1725,0.601,0.3805,,,,,0.6935,,,0.62,0.611,,,,0.3565,0.7765,0.327,1.02,0.579,0.2895,0.238,0.2625,,0.4095,0.6575,0.4595,0.571,0.312,,,,,,,,0.315
1958,1.037,0.788,0.4145,1.248,1.1235,0.61,1.052,1.033,0.645,1.472,0.396,0.6985,,0.344,0.612,0.9975,1.384,,,0.2825,0.205,,0.858,,0.284,1.29,1.1685,0.507,0.7125,0.4595,0.6745,0.537,0.4835,0.1845,,0.239,1.0095,0.533,,0.4725,0.603,0.951,0.8125,0.765,,,,0.138,0.898,,,,0.402,,1.714,,,,,,,1.455,,,,,1.078,,,,,0.4115,,,,,,0.687,0.476,,1.438,0.796,1.588,2.434,0.7005,0.864,1.46,1.602,0.6815,,,,,,,,,,,,0.7885,0.423,,0.5345,,,0.494,0.9305,,0.415,,2.243,0.866,1.2965,0.49,0.5405,,,,,0.9005,,,0.784,0.719,,,,0.3685,1.141,0.4975,1.387,0.68,0.2305,0.5225,0.3735,,0.599,0.157,0.68,0.4915,0.75,,,,,,,,0.434
1959,0.998,0.521,0.9025,0.891,0.7675,0.649,0.95,0.6755,0.691,1.1235,0.438,0.642,,0.392,0.4955,0.966,1.3545,,,0.2935,0.099,,0.682,,0.263,0.978,0.79,0.522,0.634,0.605,0.727,0.571,0.615,0.327,,0.5195,0.975,0.4365,0.254,0.304,0.698,0.745,0.205,0.6925,,,0.2175,0.2215,0.597,,,,0.275,,1.206,,,,,,,1.3345,,,,,0.948,,,,,0.364,,,,,,0.8205,0.444,,0.8945,1.2525,0.935,1.8075,0.6175,0.571,1.19,1.4875,0.6485,,,,,,,,,,,,0.728,0.306,,0.458,,,0.39,0.9635,,0.372,,2.1005,0.818,1.046,0.441,0.3125,,,,,0.9475,1.761,,0.854,0.811,,,,0.2975,0.809,0.6645,1.178,0.68,0.162,0.4595,0.3525,0.109,0.426,0.46,0.6,0.6885,0.409,,,,,,,,0.444
1960,0.875,0.539,0.633,1.0355,0.9175,0.8825,1.9,1.0995,0.717,2.025,0.582,0.651,,0.806,0.8095,0.8235,1.382,0.5875,,0.4175,0.366,,0.5865,,0.388,0.605,0.997,1.0125,1.109,1.021,1.3755,0.6335,0.9005,0.3865,,0.5165,0.9895,0.7755,0.3445,0.3485,0.952,0.8235,0.546,0.698,,0.284,0.208,0.403,0.677,,,,0.614,,2.094,,,,,,,2.181,,,,,1.768,,,,,0.411,,,,,,0.743,0.474,,1.219,1.4775,1.159,2.455,0.612,0.689,1.2845,1.201,0.6035,,,,,,,,,,,,0.6815,0.458,,0.637,0.706,,0.6415,1.154,0.7685,0.4935,,2.199,1.2625,1.7895,0.5675,0.5515,,,,,1.01,1.397,,0.7605,0.9955,,,0.17,0.412,0.9205,0.8035,1.373,0.697,0.3495,0.4755,0.3645,0.1385,0.475,0.6495,0.6815,0.724,0.567,,,,,,,,0.635
1961,0.727,0.3975,0.479,0.9485,0.6355,0.9815,1.5225,0.793,0.5935,2.044,0.7605,0.904,,0.7445,0.5575,0.762,1.0755,0.54,,0.311,0.443,,0.6345,0.261,0.3545,0.905,0.823,1.236,0.998,0.657,1.3505,0.682,0.6705,0.7255,,0.406,1.047,0.8055,0.4255,0.4265,0.857,0.7595,0.351,0.6735,,0.2155,0.179,0.3585,0.4875,,,,0.497,,1.586,,2.263,,,,,1.736,,,,,1.004,,,,,0.5045,,,,,,0.949,0.6715,,1.027,1.5275,0.915,2.184,0.277,0.603,1.1275,1.287,0.3805,,,,,,,,,0.396,,0.4455,0.682,0.4995,,0.689,0.5955,,0.674,1.076,0.44,0.5525,,1.842,1.423,1.301,0.647,0.6465,,,,,1.332,1.442,2.977,0.8085,1.0535,,0.3025,0.28,0.5535,1.031,0.716,1.354,0.722,0.3735,0.5325,0.4585,0.17,0.57,0.7405,0.6795,0.7435,0.536,,,,,,,,0.791
1962,0.945,0.5715,0.6195,0.828,0.6065,0.625,0.905,0.6985,0.525,1.0605,0.873,0.6495,,1.0145,0.4265,0.6175,0.675,0.6345,,0.291,0.633,0.189,0.5395,0.3825,0.4415,1.038,0.5075,0.9505,1.153,0.645,1.108,0.7145,1.188,0.6795,,0.766,0.792,0.7275,0.347,0.459,0.57,0.7115,0.7065,0.5005,,0.2445,0.2355,0.248,0.3465,,,,0.423,,0.825,,1.753,,,,,0.6535,,,,,0.47,,,,,0.449,,,,,,0.806,0.5195,,0.6805,1.1815,0.596,1.342,0.309,0.404,0.983,0.9345,0.428,,,,,,,,0.51,0.4165,,0.4225,0.793,0.6035,,0.853,0.6525,,0.6755,0.523,0.345,0.8095,,1.4225,1.106,1.2045,0.662,0.8375,,,,,0.9685,0.9365,1.871,0.698,1.0795,,0.2585,0.495,0.7355,0.3175,0.576,0.831,0.578,0.5195,0.2855,0.4325,0.143,0.4595,0.7035,0.427,0.6985,0.271,,,,0.522,,,,0.665
1963,1.002,0.6025,0.6305,0.6555,0.7205,0.6695,1.4275,0.688,0.609,1.59,0.8765,0.378,,0.9835,0.624,0.7925,0.9485,0.4145,,0.339,0.6595,0.1735,0.5395,0.3545,0.571,1.451,0.798,0.792,0.8215,0.5315,0.7605,0.6665,0.631,0.5335,0.437,0.6335,0.913,0.729,0.396,0.775,0.57,0.7115,0.482,0.666,,0.256,0.39,0.2645,0.5365,0.4505,,,0.762,,1.429,,1.25,,,,,0.958,,,,,0.571,0.338,,,,0.4835,,,,,,0.728,0.6225,,1.0445,1.219,0.701,1.3725,0.364,0.453,1.075,1.3075,0.6185,,,,,,,,0.4415,0.1625,,0.469,0.9515,0.6335,,1.0435,0.3895,,0.743,0.857,0.376,0.7325,,1.368,1.105,1.11,0.742,0.6985,,,,,0.9995,1.158,1.726,0.619,0.9985,,0.312,0.412,0.6925,0.825,0.6705,0.947,0.539,0.519,0.4185,0.4065,0.1755,0.4895,0.778,0.664,0.7455,0.457,0.297,0.4105,0.234,0.228,,,,0.602
1964,0.649,0.358,0.367,0.7135,0.553,0.516,1.242,0.803,0.3505,1.546,0.667,0.3185,,0.4445,0.4215,0.4905,0.8025,0.144,,0.2325,0.323,0.192,0.468,0.41,0.1985,0.73,0.547,0.682,0.726,0.4555,0.634,0.5875,0.5065,0.708,0.8035,0.6495,0.567,0.5225,0.317,0.411,0.412,0.529,0.309,0.341,,0.2615,0.2905,0.185,0.647,0.1735,,,0.402,,1.397,,1.1915,,,,,1.0445,,,,,0.353,0.2295,,,,0.259,,,,,,0.6015,0.718,0.121,1.016,1.297,0.88,1.326,0.253,0.571,0.988,1.245,0.601,,,,,,,0.4305,0.187,0.169,,0.246,0.523,0.2945,,0.582,0.2385,,0.42,0.8255,0.239,0.6795,,1.163,0.806,1.2935,0.4265,0.5395,,,,0.969,0.9515,1.27,1.412,0.5235,0.6655,,0.342,0.315,0.3225,0.508,0.4205,0.675,0.275,0.3005,0.4445,0.38,0.1865,0.348,0.4285,0.4735,0.523,0.441,0.717,0.3105,0.139,0.217,,,,0.698
1965,0.619,0.502,0.429,0.791,0.7245,0.7225,1.259,0.8375,0.5015,1.2345,0.527,0.4275,,0.476,0.4735,0.38,0.6135,0.179,,0.2135,0.426,0.2715,0.4035,0.3655,0.2775,0.729,0.573,0.761,0.723,0.4575,0.73,0.6985,0.551,0.776,0.5705,0.507,0.4735,0.3645,0.459,0.3785,0.443,0.373,0.279,0.4365,,0.2085,0.2005,0.2055,0.583,0.3335,,,0.645,,1.016,,1.3085,,,,,1.281,,,,,0.447,0.26,,,,0.247,,,,,,0.539,0.7315,0.0945,0.831,0.9895,0.523,1.4505,0.2055,0.491,0.921,0.821,0.4745,,,,,,,0.3715,0.2715,0.2425,,0.254,0.46,0.382,,0.691,0.6225,,0.379,0.6175,0.2375,0.5895,,1.2575,0.775,1.262,0.3475,0.539,,0.2295,2.8965,1.39,0.948,1.2765,1.3295,0.46,0.8165,,0.188,0.158,0.2125,0.476,0.359,0.823,0.131,0.285,0.381,0.389,0.185,0.348,0.6325,0.5355,0.5865,0.25,0.411,0.292,0.17,0.341,,,,0.54
1966,0.511,0.352,0.395,0.657,0.679,0.656,1.0945,0.818,0.4955,1.2655,0.6485,0.3965,0.385,0.6935,0.4915,0.459,0.457,0.172,,0.27,0.606,0.266,0.364,0.2765,0.253,0.799,0.514,0.571,0.519,0.351,0.4125,0.3805,0.3585,0.4815,0.301,0.3645,0.395,0.301,0.395,0.3935,0.317,0.2375,0.262,0.254,,0.1925,0.4335,0.269,0.441,0.2485,,,0.698,,1.397,,1.165,,,,,0.9885,,,,,0.498,0.3835,,,,0.296,,,,,,0.5075,0.575,0.1255,0.6965,1.0775,0.538,1.119,0.2055,0.398,0.73,1.011,0.411,,,,,,,0.5545,0.3895,0.5075,0.347,0.247,0.381,0.414,,0.495,0.408,0.4645,0.364,0.365,0.214,0.5025,,1.228,0.475,0.911,0.38,0.475,,0.311,1.9585,1.224,0.8375,1.463,1.1195,0.4275,0.5855,0.1515,0.1145,0.126,0.286,0.4095,0.27,0.761,0.309,0.301,0.3485,0.249,0.2465,0.2845,0.557,0.518,0.5015,0.177,0.635,0.2805,0.241,0.403,,,,0.662
1967,0.616,0.5845,0.72,0.6805,1.105,0.8025,1.5815,0.8315,0.6615,1.266,0.8685,0.571,0.3785,1.116,0.883,0.6665,0.5335,0.477,0.369,0.447,0.6545,0.3395,0.5695,0.3195,0.4485,1.011,0.47,0.46,0.552,0.4165,0.444,0.4445,0.3505,0.424,0.317,0.2855,0.363,0.6,0.739,0.8085,0.475,0.5075,0.4625,0.4445,,0.2815,0.4765,0.5845,0.4905,0.575,,,0.889,,1.549,,1.257,,,,,1.2635,,,,,0.563,0.5395,,,,0.5065,,,,,,0.9515,0.7185,0.2615,1.0395,1.214,0.76,1.333,0.2685,0.571,1.0755,1.6345,0.521,,,,,,,0.7375,0.3125,0.41,0.458,0.2625,0.522,0.475,,0.9015,0.502,0.5955,0.648,0.44,0.2375,0.598,,1.707,0.5385,1.0775,0.757,0.8075,,0.478,1.7285,1.7245,1.1415,1.6835,1.5295,0.6805,0.977,0.165,0.2225,0.284,0.299,0.416,0.2835,0.809,0.22,0.585,0.428,0.3875,0.27,0.5375,0.8095,0.7355,0.735,0.182,0.381,0.4595,0.107,0.496,,,1.674,0.83
1968,0.476,0.4755,0.558,0.5475,0.724,0.7295,1.082,0.771,0.5875,1.6465,0.8425,0.635,0.352,0.73,0.7705,0.523,0.5075,0.3485,0.5425,0.333,0.577,0.2635,0.427,0.2795,0.33,0.794,0.473,0.3005,0.4735,0.355,0.3645,0.3965,0.2055,0.22,0.399,0.222,0.4105,0.6465,0.5045,0.5865,0.539,0.603,0.4765,0.444,,0.267,0.2535,0.454,0.586,0.3495,,,0.666,0.54,1.592,,1.108,,0.264,,,1.1225,,,,,0.954,0.476,,,,0.455,,,,,,0.9355,0.61,0.28,1.0195,1.6905,0.951,1.3975,0.237,0.712,1.353,1.546,0.568,,,1.07,,,,0.5725,0.2365,0.2675,0.5945,0.273,0.521,0.3115,,0.756,0.58,0.5355,0.442,0.543,0.194,0.5015,,1.5995,0.553,1.1375,0.5045,0.76,,0.4575,1.8835,1.648,0.9205,1.8385,1.598,0.7125,1.0245,0.1485,0.1755,0.158,0.3085,0.364,0.4155,0.885,0.275,0.537,0.365,0.442,0.381,0.411,0.7135,0.594,0.6025,0.265,0.543,0.4365,0.181,0.468,,0.6565,1.107,0.666
1969,0.635,0.5805,0.64,0.4785,0.7015,0.699,1.0155,0.713,0.7135,1.2975,0.8985,0.8255,0.349,0.8085,0.665,0.8405,0.6165,0.581,0.376,0.4945,0.7235,0.3805,0.5705,0.259,0.328,0.857,0.458,0.5125,0.6165,0.417,0.6495,0.725,0.488,0.378,0.7905,0.459,0.4595,0.8335,0.631,0.5545,0.665,0.7935,0.5225,0.476,0.253,0.474,0.4595,0.72,0.554,0.2615,,0.196,1.206,0.408,1.46,,1.538,,0.222,,,1.233,,,,,0.987,0.5395,,,,0.7375,,,,,,0.9185,0.5645,0.3385,0.9845,1.233,0.666,1.5305,0.21,0.721,0.984,1.3,0.4895,,,0.586,,,0.285,0.889,0.3955,0.5195,0.818,0.296,0.6005,0.3115,,1.0265,0.689,0.4115,0.4455,0.507,0.281,0.548,,1.535,0.759,0.9655,0.787,0.9345,,0.327,1.764,1.6675,1.19,1.6165,1.899,0.728,1.182,0.111,0.2685,0.222,0.2885,0.4275,0.3835,0.698,0.264,0.694,0.3965,0.6605,0.238,0.474,0.778,0.9105,0.713,0.141,0.727,0.556,0.258,0.5,,0.759,0.746,0.857
1970,0.596,0.3105,0.3185,0.5035,0.7665,0.6555,0.8255,0.725,0.499,1.388,0.8535,0.8095,0.425,1.0625,0.7705,0.7135,0.5375,0.612,0.5385,0.4925,0.853,0.4395,0.5235,0.4705,0.2965,0.857,0.3825,0.436,0.537,0.494,0.5345,0.5895,0.5515,0.5035,0.612,0.5065,0.4275,0.8485,0.513,0.364,0.507,0.5395,0.431,0.4125,0.0625,0.5205,0.5045,0.9895,0.363,0.395,,0.1925,1.587,0.884,1.079,,1.3565,,0.2085,,,0.7955,,,,,0.336,0.6035,,,,0.449,,0.49,,,,0.807,0.531,0.342,0.93,1.5355,0.603,1.5825,0.168,0.629,0.968,1.106,0.4415,,,0.3915,,,0.547,0.717,0.3165,0.517,0.444,0.3685,0.4105,0.6945,,0.711,0.738,0.6815,0.4215,0.443,0.333,0.4195,,1.1825,0.696,0.981,0.6595,0.633,,0.4985,0.6755,1.0315,0.6025,0.982,1.0515,0.3095,0.8195,0.181,0.349,0.316,0.4285,0.4265,0.448,0.773,0.297,0.6475,0.3905,0.4735,0.333,0.442,0.5395,0.5975,0.5235,0.222,0.666,0.859,0.317,0.824,,0.739,1.02,0.857
1971,0.348,0.329,0.2465,0.5205,0.8365,0.6295,0.7975,0.5985,0.398,1.5745,0.665,0.857,0.3495,0.9975,0.814,0.634,0.647,0.707,0.3805,0.5665,0.9625,0.509,0.4715,0.331,0.39,0.54,0.2565,0.316,0.4585,0.525,0.489,0.574,0.5355,0.504,0.5455,0.585,0.539,0.959,0.371,0.4265,0.603,0.555,0.417,0.4125,0.1725,0.7245,0.5545,1.0335,0.346,0.261,,0.1505,1.81,0.879,1.079,3.5155,1.651,,0.289,,,0.7925,1.869,,,,0.405,0.603,,,,0.2595,,0.346,,,,1.0575,0.759,0.3475,0.926,1.6605,0.635,2.1905,0.23,0.667,0.9525,1.229,0.4375,,,0.6335,,,0.3595,0.771,0.8225,0.5825,0.6205,0.5635,0.411,1.277,3.9275,0.743,0.6505,0.856,0.575,0.523,0.535,0.531,,1.178,0.699,1.038,0.582,0.7445,,0.739,0.5955,1.0515,0.619,1.3535,1.654,0.3875,0.7875,0.2535,0.4895,0.444,0.404,0.3505,0.408,0.738,0.244,0.5525,0.4185,0.631,0.403,0.425,0.571,0.614,0.6025,0.285,0.794,1.256,0.376,0.994,,0.615,1.07,0.762
1972,0.223,0.128,0.1765,0.2755,0.4625,0.4065,0.4465,0.252,0.267,0.488,0.3805,0.6335,0.192,0.5225,0.272,0.4275,0.3005,0.226,0.198,0.3715,0.4895,0.2965,0.3375,0.228,0.2845,0.38,0.2,0.3785,0.427,0.387,0.3635,0.333,0.456,0.2995,0.6505,0.584,0.3965,0.393,0.3595,0.2055,0.285,0.317,0.328,0.396,0.1715,0.362,0.299,0.613,0.2045,0.106,0.213,0.201,1.492,0.738,0.444,1.7875,1.056,,0.29,,,0.373,1.2805,,,,0.292,0.476,0.299,,,0.1735,,0.346,,,,0.6305,0.3705,0.2455,0.292,0.9325,0.224,0.755,0.1185,0.269,0.4415,0.4715,0.1405,,,0.5565,,,0.2285,0.3125,0.379,0.4565,0.163,0.2845,0.2215,0.458,1.8355,0.459,0.3705,0.459,0.372,0.2055,0.353,0.3385,0.274,0.6005,0.3905,0.454,0.283,0.2695,,0.247,0.6525,0.723,0.413,1.018,1.171,0.2855,0.4965,0.207,0.117,0.254,0.2055,0.2585,0.212,0.262,0.165,0.5215,0.196,0.4875,0.104,0.2995,0.5225,0.536,0.3325,0.096,0.444,0.7095,0.226,0.146,,0.393,0.493,0.413
1973,0.269,0.1795,0.172,0.3435,0.5935,0.363,0.4185,0.414,0.2275,0.7075,0.428,0.9185,0.2865,0.617,0.3075,0.4595,0.332,0.2815,0.227,0.3935,0.5365,0.3485,0.3485,0.3295,0.2935,0.545,0.3,0.473,0.4535,0.4345,0.4115,0.4105,0.446,0.2995,0.5075,0.49,0.491,0.4405,0.3835,0.2685,0.38,0.3645,0.2355,0.333,0.159,0.836,0.363,0.7225,0.282,0.1155,0.2065,0.1345,1.587,0.913,0.603,1.9845,0.9665,,0.296,0.279,,0.758,1.235,0.917,,,0.439,0.317,0.2555,,,0.227,,0.691,1.101,,,0.914,0.655,0.312,0.498,1.5475,0.341,1.235,0.1375,0.389,0.6375,0.7455,0.2595,,1.3135,0.504,,,0.6655,0.3045,0.408,0.4565,0.341,0.4905,0.3325,0.584,1.9745,0.349,0.3815,0.442,0.489,0.4115,0.555,0.569,0.2965,1.153,0.679,1.0635,0.3315,0.222,0.609,0.5565,0.936,0.8175,0.46,1.2125,1.1375,0.311,0.5385,0.274,0.141,0.286,0.3045,0.1635,0.2725,0.536,0.344,0.4905,0.3275,0.4405,0.3775,0.2835,0.4075,0.4415,0.4565,0.285,0.317,1.087,0.475,0.434,0.32,0.7105,0.504,0.667
1974,0.605,0.368,0.33,0.708,0.9945,0.6685,0.655,0.5435,0.452,0.833,0.902,1.3315,0.4135,1.376,0.4935,0.997,0.712,0.5695,0.206,0.6985,0.9425,0.5855,0.7125,0.502,0.428,0.882,0.397,0.284,0.2105,0.2535,0.253,0.252,0.2605,0.1575,0.3645,0.1605,0.6965,1.0415,0.8035,0.3795,0.508,0.7135,0.5435,0.476,0.2775,1.1245,0.566,1.2235,0.2705,0.3175,0.2975,0.212,1.905,1.01,0.794,1.936,2.07,,0.365,0.325,,1.2955,1.298,0.7855,,,0.689,0.6635,0.246,,,0.409,,0.682,0.964,,,1.363,0.9755,0.343,0.591,2.0665,0.387,1.4215,0.1825,0.325,0.889,1.3,0.3845,,1.4195,0.5955,,,0.6835,0.573,0.745,0.912,0.422,0.771,0.4905,0.9395,1.934,0.7145,0.6815,0.7565,1.1865,0.809,0.9675,0.933,0.3905,1.7625,1.152,1.5125,0.71,0.4435,0.898,0.823,1.158,1.1705,0.507,1.581,1.1645,0.322,0.638,0.3525,0.262,0.444,0.386,0.6955,0.343,0.705,0.322,0.903,0.4605,0.708,0.5335,0.4725,0.831,0.837,0.5735,0.412,0.603,0.8625,0.838,0.915,0.495,0.997,0.884,1.302
1975,0.463,0.2725,0.1985,0.4705,0.585,0.5595,0.655,0.4545,0.3115,0.77,0.8365,0.918,0.434,1.1865,0.4095,0.831,0.549,0.418,0.301,0.477,0.829,0.633,0.6955,0.3795,0.396,0.634,0.3645,0.3145,0.237,0.2935,0.253,0.2345,0.1815,0.184,0.46,0.2025,0.886,0.742,0.7165,0.3315,0.381,0.5545,0.5885,0.381,0.2075,0.95,0.4405,1.208,0.2225,0.2675,0.1695,0.2485,1.27,1.197,0.825,1.8095,1.562,,0.535,0.364,,1.001,1.1015,0.985,,,0.443,0.441,0.2235,,1.118,0.479,,0.507,0.779,,,1.1575,0.77,0.2825,0.32,1.896,0.359,1.418,0.1345,0.325,0.761,1.489,0.3785,0.2835,0.8975,0.7095,,4.763,0.5385,0.6615,0.824,1.0245,0.314,0.59,0.411,0.704,1.7875,0.444,0.648,0.772,0.9935,0.6345,0.761,0.792,0.347,1.461,1.089,1.2055,0.68,0.3805,0.5495,0.871,1.0735,1.156,0.38,1.0415,1.06,0.2945,0.5445,0.3625,0.266,0.666,0.4155,0.5335,0.318,0.516,0.476,0.5705,0.3805,0.805,0.3765,0.5655,0.7135,1.119,0.458,0.222,0.444,0.831,0.722,0.815,0.4355,0.697,0.705,0.762
1976,0.65,0.2605,0.206,0.459,0.8495,0.5055,0.8255,0.534,0.51,0.8475,0.866,1.2185,0.6095,1.2955,0.362,0.8165,0.5755,0.47,0.2375,0.474,1.3005,0.7915,0.5585,0.3585,0.491,0.729,0.364,0.377,0.3315,0.353,0.396,0.2545,0.2645,0.21,0.511,0.4575,0.839,0.868,0.8275,0.316,0.443,0.5225,0.5685,0.349,0.259,1.1875,0.4245,0.8835,0.211,0.1825,0.273,0.255,1.3,1.434,0.666,1.7885,1.691,,0.4475,0.3635,1.062,0.8945,1.203,1.068,,,0.485,0.63,0.494,,0.292,0.4865,,0.539,1.505,,,1.015,0.8395,0.345,0.501,1.722,0.307,1.3645,0.1315,0.397,0.628,1.3295,0.3925,0.3925,1.006,0.601,,2.53,0.663,0.8845,0.8215,0.977,0.551,0.5685,0.458,0.6735,1.784,0.6185,0.6325,0.741,0.8075,0.4915,0.761,1.0305,0.322,1.49,1.1785,1.4955,0.552,0.3645,0.601,0.8115,1.074,1.064,0.411,1.034,1.4635,0.212,0.5715,0.4085,0.3585,0.793,0.4565,0.4705,0.331,0.636,0.317,0.6655,0.3795,0.711,0.504,0.424,0.697,0.9135,0.4265,0.222,0.476,1.2125,0.849,0.91,0.704,0.6315,0.721,0.762
1977,0.804,0.4005,0.406,0.8045,1.124,0.782,1.044,0.7205,0.767,1.236,1.388,1.773,0.6285,1.5175,0.567,1.148,0.887,0.6145,0.3165,0.6165,1.553,0.8685,0.707,0.416,0.396,0.958,0.491,0.3925,0.2675,0.288,0.364,0.2685,0.2845,0.268,0.475,0.4665,0.838,1.1565,1.1295,0.4265,0.504,0.744,0.701,0.4285,0.4515,1.485,0.787,1.299,0.291,0.3095,0.227,0.231,2.28,1.745,0.888,2.3625,2.649,,0.5585,0.6,1.352,1.8695,1.7965,1.333,,,0.94,0.789,0.448,,0.326,0.805,,0.952,2.479,4.977,,1.3795,0.9515,0.4485,0.33,2.352,0.413,1.1015,0.157,0.389,0.7995,1.394,0.4855,0.388,1.488,0.8715,,2.689,0.6595,1.289,0.932,1.353,0.6455,0.7115,0.9025,1.0605,2.354,0.841,1.094,0.975,1.3705,0.8725,0.745,1.269,0.479,1.9835,1.797,2.473,0.8045,0.6495,0.6375,1.0495,1.6475,1.5285,0.55,1.69,2.31,0.4915,1.026,0.546,0.4305,0.822,0.5435,0.7215,0.4315,0.775,0.571,1.0775,0.65,0.9005,0.745,0.8055,1.1035,1.145,0.555,0.392,0.286,1.2375,0.85,0.988,0.691,0.9035,1.275,1.111
1978,0.613,0.397,0.3935,0.6045,0.809,0.5985,1.0575,0.7255,0.708,0.8915,1.4495,1.155,0.497,0.917,0.4565,0.8335,0.8055,0.431,0.3475,0.348,1.131,0.7085,0.57,0.4045,0.3325,0.722,0.4595,0.33,0.2055,0.3315,0.3935,0.332,0.2215,0.236,0.4225,0.4655,0.7285,0.603,1.0115,0.457,0.378,0.491,0.762,0.55,0.2685,1.1885,0.4565,1.207,0.425,0.155,0.1655,0.27,1.568,1.429,0.698,1.691,1.5615,,0.455,0.5385,1.078,1.4525,1.478,1.0375,,,0.789,0.5215,0.695,,1.1505,0.9655,,0.603,1.477,2.659,,0.9195,0.7315,0.465,0.423,1.846,0.441,1.385,0.2095,0.413,0.793,1.522,0.566,0.2495,1.0475,0.735,,1.646,0.319,0.899,0.7115,0.834,0.3485,0.5065,0.6345,0.7175,1.7035,0.7615,0.675,0.9095,1.039,0.5705,0.603,0.9035,0.1945,1.496,1.4075,1.633,0.518,0.523,0.3755,0.7965,0.9855,1.228,0.509,1.156,1.7145,0.333,0.6985,0.4265,0.374,0.596,0.481,0.5565,0.433,0.628,0.519,0.92,0.51,0.696,0.533,0.8405,0.986,1.097,0.549,0.243,0.349,0.853,0.473,0.92,0.3595,0.6175,0.95,0.762
1979,0.401,0.4,0.237,0.43,0.602,0.434,0.589,0.689,0.6995,0.876,0.693,1.123,0.436,0.9485,0.427,0.535,0.713,0.32,0.334,0.2625,0.8975,0.6155,0.538,0.3945,0.2135,0.762,0.3015,0.36,0.284,0.381,0.4875,0.3945,0.4115,0.2845,0.6485,0.7435,0.586,0.587,0.7255,0.377,0.377,0.348,0.5305,0.307,0.26,1.0135,0.362,0.759,0.3855,0.0645,0.134,0.0685,1.02,0.603,0.413,1.0115,0.663,0.1485,0.253,0.361,1.023,1.221,1.2575,0.598,,,0.363,0.427,0.299,2.165,0.91,0.912,2.373,0.507,1.302,1.845,,0.792,0.736,0.426,0.4345,1.1815,0.447,1.2665,0.1395,0.429,0.7185,1.058,0.457,0.19,0.7965,0.555,,1.194,0.195,0.519,0.3945,0.709,0.39,0.38,0.6025,0.5795,0.999,0.522,0.4555,0.576,0.7095,0.2855,0.397,0.5225,0.153,0.8455,0.681,0.931,0.338,0.4595,0.3395,0.717,1.0405,0.834,0.473,0.939,1.4515,0.286,0.6275,0.4065,0.309,0.526,0.4525,0.3845,0.4075,0.583,0.23,0.666,0.352,0.523,0.489,0.393,0.4855,0.703,0.3955,0.21,0.349,0.8195,0.38,0.659,0.375,0.5065,0.701,0.667
1980,0.2755,0.2905,0.26,0.479,0.3815,0.4615,0.8945,0.593,0.766,0.7055,1.3285,1.139,0.3995,0.885,0.2985,0.4865,0.539,0.254,0.2055,0.298,1.0085,0.644,0.5065,0.3345,0.112,0.54,0.2855,0.4995,0.205,0.521,0.4535,0.347,0.317,0.253,0.602,0.443,0.428,0.46,0.618,0.2205,0.283,0.269,0.409,0.349,0.3015,0.949,0.3315,0.9295,0.3785,0.0795,0.139,0.0895,0.947,0.598,0.317,0.9845,0.7605,0.196,0.288,0.2695,0.6775,0.9975,0.9235,0.598,,,0.391,0.4275,0.0905,0.909,0.933,0.7745,2.261,0.601,0.907,1.332,,0.712,0.4555,0.331,0.3545,1.2335,0.317,0.8645,0.1375,0.325,0.424,0.9705,0.284,0.203,0.9625,0.792,,1.338,0.2625,0.7885,0.473,0.7225,0.546,0.329,0.4285,0.5945,0.982,0.334,0.369,0.769,0.8165,0.3645,0.3965,0.3175,0.1455,0.958,0.605,0.6205,0.29,0.3645,0.218,0.8175,1.1555,0.8735,0.503,1.0405,1.6485,0.222,0.5555,0.364,0.308,0.531,0.3125,0.384,0.2305,0.367,0.238,0.65,0.407,0.4275,0.38,0.411,0.566,0.6375,0.3155,0.112,0.222,0.9205,0.791,0.755,0.531,0.5225,0.812,0.73
1981,0.245,0.229,0.3195,0.2815,0.363,0.4835,0.72,0.4985,0.586,0.8155,1.092,1.137,0.4,0.807,0.288,0.6895,0.555,0.3135,0.2065,0.2595,0.805,0.5355,0.5225,0.4145,0.2065,0.602,0.349,0.36,0.291,0.3705,0.3285,0.252,0.329,0.2215,0.5545,0.319,0.365,0.46,0.5065,0.252,0.283,0.2525,0.365,0.1785,0.3425,0.7915,0.3585,1.176,0.251,0.097,0.1385,0.1425,1.219,0.6,0.254,1.2255,0.7325,0.244,0.2785,0.2965,0.781,0.688,0.8195,0.503,,,0.254,0.4585,0.2615,1.118,0.6865,1.1135,2.025,0.696,1.1925,1.0845,0.747,0.807,0.577,0.377,0.5425,1.316,0.349,1.396,0.1265,0.349,0.4915,1.06,0.323,0.11,0.961,0.625,,2.083,0.2785,0.5425,0.504,1.1315,0.6155,0.443,0.5545,0.723,1.2355,0.2865,0.3835,0.6315,0.911,0.4285,0.431,0.381,0.122,1.3005,0.769,1.047,0.3455,0.459,0.1255,0.783,1.22,0.778,0.5935,0.9965,1.779,0.3015,0.7355,0.2815,0.292,0.495,0.3595,0.42,0.205,0.302,0.262,0.6655,0.4625,0.475,0.4095,0.3965,0.506,0.6205,0.268,0.179,0.222,0.9795,0.82,0.877,0.4455,0.427,0.871,0.667
1982,0.289,0.1955,0.2155,0.1865,0.303,0.319,0.608,0.545,0.39,0.581,0.7995,0.9785,0.4675,0.7285,0.2,0.5635,0.3965,0.3055,0.3485,0.173,0.727,0.594,0.523,0.404,0.125,0.484,0.2855,0.3585,0.199,0.258,0.328,0.2675,0.226,0.222,0.412,0.192,0.3645,0.286,0.3955,0.2255,0.208,0.189,0.2275,0.129,0.2575,0.6185,0.2635,1.101,0.2425,0.1545,0.168,0.138,0.845,0.923,0.286,0.8425,0.6185,0.2085,0.2995,0.4695,0.8145,0.797,1.126,0.488,1.457,,0.453,0.3635,0.221,0.9135,0.491,0.998,1.837,0.757,0.85,0.87,0.4165,0.5705,0.7415,0.362,0.5115,1.6165,0.334,1.169,0.1145,0.38,0.4755,0.829,0.217,0.0715,0.804,0.599,,1.415,0.3725,0.475,0.36,1.3205,0.692,0.3485,0.412,0.66,0.8095,0.2055,0.375,0.4985,0.676,0.3295,0.3935,0.349,0.2395,0.91,0.5005,0.4885,0.275,0.4115,0.233,0.639,0.9535,0.6305,0.469,0.8895,1.394,0.2405,0.612,0.2335,0.3795,0.393,0.3315,0.4025,0.2145,0.322,0.207,0.6175,0.3805,0.366,0.3795,0.349,0.442,0.4955,0.2835,0.165,0.307,0.741,0.662,0.845,0.4885,0.427,1.016,0.635
1983,0.2255,0.1045,0.097,0.1235,0.171,0.1755,0.281,0.2905,0.144,0.298,0.244,0.742,0.2475,0.396,0.158,0.375,0.2695,0.162,0.349,0.086,0.441,0.3505,0.345,0.263,0.0655,0.214,0.15,0.313,0.2215,0.231,0.3435,0.2045,0.1905,0.109,0.3325,0.1755,0.2345,0.1745,0.285,0.084,0.169,0.1315,0.1295,0.116,0.172,0.5695,0.1885,0.687,0.137,0.0925,0.326,0.078,0.565,0.653,0.24,0.53,0.4275,0.117,0.2305,0.406,0.678,0.7035,0.845,0.472,0.7725,1.233,0.201,0.3005,0.179,0.669,0.51,0.7925,1.331,0.537,0.9,0.626,0.601,0.4575,0.38,0.347,0.2885,1.27,0.181,1.0195,0.043,0.237,0.334,0.4245,0.1475,0.08,0.628,0.328,,1.183,0.3285,0.391,0.2665,0.9895,0.305,0.2695,0.3645,0.535,0.518,0.144,0.2695,0.3465,0.394,0.2145,0.317,0.27,0.2165,0.4425,0.279,0.5435,0.1505,0.269,0.152,0.563,0.5755,0.4105,0.267,0.4995,0.6835,0.14,0.3755,0.1535,0.2065,0.318,0.2055,0.2455,0.155,0.265,0.138,0.3485,0.237,0.348,0.2215,0.222,0.3385,0.3735,0.1415,0.15,0.109,0.431,0.284,0.626,0.315,0.3015,0.89,0.381
1984,0.2635,0.181,0.217,0.194,0.244,0.2395,0.488,0.331,0.372,0.5495,0.6655,1.247,0.496,0.523,0.3485,0.6465,0.3805,0.19,0.3805,0.275,0.601,0.5775,0.448,0.4825,0.1645,0.294,0.259,0.234,0.2175,0.2275,0.2695,0.198,0.1465,0.122,0.2535,0.1245,0.3045,0.2855,0.384,0.163,0.251,0.156,0.2705,0.1345,0.216,0.856,0.3405,1.031,0.19,0.2645,0.2365,0.203,0.725,1.448,0.294,0.458,0.55,0.1365,0.5055,0.5325,1.3465,0.8155,1.249,0.9615,0.867,1.55,0.254,0.3795,0.1845,1.6205,1.0485,1.3005,1.712,0.84,1.0425,1.1625,0.6115,0.7735,0.396,0.568,0.4455,1.286,0.25,1.237,0.07,0.333,0.405,0.7795,0.2555,0.1545,1.1085,0.6895,1.248,2.036,0.723,0.769,0.548,1.161,0.6425,0.459,0.4435,0.7235,0.4855,0.175,0.4155,0.5955,0.678,0.2895,0.617,0.408,0.417,0.7975,0.505,0.7835,0.254,0.3955,0.27,0.91,0.766,0.6445,0.4085,0.61,1.0705,0.2295,0.469,0.2885,0.42,0.498,0.3035,0.3875,0.238,0.265,0.109,0.633,0.5225,0.476,0.444,0.317,0.4975,0.496,0.2305,0.167,0.149,0.814,0.837,1.22,0.5205,0.5715,0.909,0.54
1985,0.453,0.156,0.1755,0.232,0.37,0.2195,0.5425,0.358,0.412,0.646,0.6475,1.529,0.5345,0.6765,0.2935,0.862,0.444,0.2645,0.4445,0.4175,1.0465,0.8265,0.439,0.5065,0.177,0.373,0.353,0.115,0.1465,0.1635,0.2025,0.156,0.1625,0.0665,0.213,0.099,0.348,0.317,0.55,0.189,0.22,0.175,0.2415,0.17,0.2235,1.4945,0.4935,1.274,0.279,0.378,0.167,0.116,1.124,1.549,0.291,0.71,0.7355,0.162,0.639,0.834,1.844,1.866,1.973,1.4785,0.6665,1.548,0.612,0.6955,0.1885,2.4865,0.775,1.6925,2.294,1.358,1.806,1.648,0.6165,1.0455,0.421,0.679,0.434,1.8865,0.314,1.836,0.2005,0.444,0.561,0.984,0.209,0.3645,1.3375,1.245,1.071,3.047,0.692,1.1835,0.8465,1.9505,0.836,0.694,0.602,1.0855,0.7,0.236,0.467,0.911,0.978,0.531,0.901,0.4805,0.431,0.9935,0.7515,1.234,0.2475,0.6005,0.4335,1.4445,1.1125,1.055,0.5645,0.9325,1.6965,0.294,0.598,0.39,0.568,0.717,0.225,0.609,0.1845,0.351,0.21,0.7595,0.5385,0.46,0.543,0.5095,0.5525,0.6305,0.2085,0.158,0.228,1.067,1.342,1.529,0.57,0.732,0.992,0.925
1986,0.4105,0.1725,0.153,0.255,0.38,0.343,0.5815,0.232,0.4795,0.63,0.6665,1.163,0.331,0.481,0.277,0.704,0.2855,0.2215,0.349,0.4675,0.789,0.751,0.3985,0.4505,0.266,0.397,0.238,0.1465,0.2215,0.283,0.342,0.175,0.1665,0.141,0.2355,0.209,0.3805,0.428,0.4625,0.201,0.284,0.18,0.1965,0.1235,0.206,0.8005,0.427,1.027,0.259,0.198,0.234,0.18,0.516,0.857,0.265,0.571,0.4495,0.153,0.2845,0.437,0.864,0.9725,1.7665,0.4615,0.296,0.753,0.274,0.2685,0.247,1.2995,0.71,1.0415,1.475,0.933,1.1075,1.1475,0.602,0.9365,0.34,0.4735,0.4185,1.3925,0.21,1.1965,0.269,0.332,0.473,0.73,0.133,0.258,0.772,0.758,0.8975,1.837,0.469,0.7745,0.518,1.3105,0.411,0.5095,0.4755,0.723,0.5375,0.198,0.493,0.909,0.806,0.4605,1.058,0.417,0.3405,0.866,0.599,0.5215,0.309,0.5215,0.2055,0.9265,0.843,0.682,0.4695,0.6345,1.183,0.2465,0.5245,0.262,0.359,0.467,0.1835,0.53,0.1815,0.338,0.176,0.617,0.4555,0.4455,0.407,0.565,0.458,0.4005,0.2165,0.18,0.169,0.735,0.853,1.152,0.29,0.427,0.563,0.756
1987,0.2445,0.114,0.112,0.202,0.2745,0.291,0.4045,0.248,0.3825,0.5185,0.6425,0.755,0.275,0.4115,0.129,0.506,0.2535,0.1265,0.317,0.394,0.621,0.641,0.2665,0.251,0.1465,0.429,0.178,0.1625,0.2305,0.258,0.276,0.1775,0.1465,0.15,0.257,0.2235,0.349,0.269,0.304,0.141,0.126,0.1115,0.076,0.1195,0.2175,0.377,0.2845,0.7105,0.2245,0.23,0.3215,0.123,0.377,0.571,0.175,0.3205,0.373,0.1175,0.1705,0.3075,0.3975,0.588,1.158,0.2835,0.261,0.554,0.221,0.1485,0.1575,0.8365,0.514,0.8125,1.35,0.61,1.202,0.8435,0.7425,0.825,0.3135,0.2995,0.241,1.022,0.144,0.982,0.2,0.245,0.305,0.809,0.1265,0.1855,0.544,0.4525,0.5115,1.287,0.391,0.4975,0.2735,0.55,0.3455,0.3315,0.4115,0.535,0.3625,0.114,0.2795,0.661,0.6005,0.3775,0.804,0.2335,0.32,0.6575,0.41,0.564,0.1365,0.253,0.129,0.4885,0.5945,0.5725,0.4215,0.492,1.003,0.103,0.663,0.1085,0.4275,0.462,0.1385,0.39,0.093,0.078,0.066,0.553,0.128,0.2345,0.238,0.418,0.2615,0.2925,0.105,0.098,0.138,0.5755,0.689,0.715,0.2005,0.587,0.362,0.475
1988,0.2995,0.1135,0.1445,0.2005,0.286,0.302,0.269,0.3395,0.497,0.783,0.5305,0.6125,0.204,0.364,0.1795,0.4395,0.222,0.1975,0.3805,0.252,0.3705,0.4515,0.2285,0.3285,0.1275,0.358,0.1765,0.1995,0.199,0.3245,0.2735,0.1735,0.1305,0.14,0.1975,0.174,0.349,0.38,0.2605,0.1585,0.157,0.111,0.1845,0.097,0.1245,0.191,0.2235,0.536,0.1945,0.3955,0.307,0.1405,0.326,0.698,0.246,0.3895,0.4835,0.1135,0.163,0.2955,0.379,0.6625,1.1965,0.3325,0.227,0.477,0.189,0.1025,0.097,0.5175,0.397,0.809,0.507,0.453,0.743,0.4125,0.608,0.777,0.2565,0.2735,0.466,1.3905,0.186,1.264,0.16,0.404,0.521,0.7705,0.142,0.238,0.672,0.372,0.5915,1.022,0.361,0.48,0.288,0.5825,0.261,0.243,0.5385,0.4565,0.42,0.154,0.3295,0.4245,0.395,0.3765,0.633,0.27,0.256,0.729,0.4155,0.694,0.16,0.269,0.1355,0.5505,0.542,0.3505,0.273,0.591,0.918,0.115,0.4755,0.1215,0.317,0.467,0.1735,0.343,0.0995,0.195,0.138,0.347,0.305,0.243,0.263,0.2995,0.327,0.2475,0.1605,0.108,0.176,0.7195,0.475,0.674,0.2055,0.308,0.265,0.633
1989,0.2865,0.156,0.1985,0.238,0.2385,0.28,0.2595,0.3365,0.483,0.8455,0.49,0.6445,0.2305,0.569,0.238,0.502,0.247,0.1975,0.3015,0.2665,0.548,0.7255,0.297,0.669,0.163,0.286,0.2,0.131,0.1785,0.2325,0.2355,0.174,0.1125,0.0765,0.119,0.0825,0.3015,0.3165,0.308,0.239,0.192,0.1785,0.1825,0.153,0.179,0.1935,0.3735,0.704,0.185,0.5385,0.3225,0.135,0.485,1.206,0.254,0.5685,0.3455,0.202,0.312,0.571,0.543,0.82,1.338,0.587,0.842,0.686,0.327,0.1105,0.1265,0.9005,0.606,0.9605,0.965,0.915,0.963,0.56,0.5315,0.6335,0.2215,0.4045,0.3325,1.669,0.226,1.2595,0.1265,0.397,0.53,1.0065,0.1805,0.4265,0.6805,0.7115,1.1525,1.457,0.552,0.5485,0.409,1.0415,0.4655,0.2575,0.6645,0.679,0.5665,0.2215,0.351,0.786,0.6735,0.5305,0.8895,0.3175,0.2975,0.6105,0.517,0.736,0.169,0.411,0.261,0.8965,0.79,0.423,0.3665,0.392,0.935,0.213,0.378,0.1535,0.3,0.408,0.1885,0.4215,0.159,0.189,0.241,0.5355,0.3635,0.296,0.4195,0.4435,0.4595,0.356,0.2265,0.112,0.182,0.9585,1.13,0.975,0.395,0.3975,0.24,0.981
1990,0.237,0.128,0.187,0.2955,0.171,0.3535,0.262,0.1245,0.404,0.522,0.472,0.488,0.222,0.3505,0.1295,0.357,0.155,0.1675,0.3015,0.1205,0.443,0.5135,0.2755,0.4455,0.1225,0.238,0.1295,0.1145,0.178,0.193,0.213,0.183,0.107,0.061,0.1075,0.0965,0.2855,0.2375,0.2095,0.22,0.133,0.1335,0.144,0.167,0.1705,0.0855,0.3235,0.454,0.1815,0.3635,0.341,0.119,0.211,0.73,0.119,0.429,0.394,0.212,0.228,0.4605,0.542,0.4635,0.8705,0.3665,0.4425,0.433,0.317,0.0785,0.0585,0.6945,0.7885,0.7535,1.051,0.86,0.8345,0.5395,0.3945,0.475,0.18,0.2475,0.217,1.5635,0.151,0.865,0.1435,0.222,0.4135,0.7935,0.1615,0.222,0.433,0.549,0.4645,0.837,0.3635,0.441,0.2205,0.7645,0.281,0.172,0.491,0.4425,0.432,0.122,0.3335,0.723,0.4375,0.301,0.593,0.1765,0.307,0.421,0.327,0.361,0.1235,0.2685,0.1505,0.6445,0.467,0.328,0.282,0.247,0.704,0.138,0.236,0.118,0.241,0.259,0.124,0.262,0.091,0.06,0.222,0.441,0.278,0.3,0.3325,0.3715,0.335,0.218,0.174,0.079,0.154,0.6285,0.9,0.468,0.348,0.3645,0.164,0.664
1991,0.1835,0.172,0.2485,0.3395,0.271,0.271,0.351,0.284,0.4395,0.88,0.761,0.4575,0.21,0.4685,0.184,0.387,0.1745,0.1555,0.19,0.1115,0.5785,0.612,0.3325,0.4615,0.1615,0.262,0.147,0.171,0.2425,0.1735,0.2235,0.2425,0.127,0.074,0.2265,0.1625,0.2735,0.3405,0.3195,0.2375,0.188,0.1095,0.11,0.1755,0.251,0.22,0.4015,0.6595,0.214,0.744,0.632,0.2905,0.253,1.175,0.206,0.686,0.488,0.427,0.355,0.572,0.9725,1.0135,1.025,0.514,0.641,0.435,0.286,0.1425,0.118,1.282,1.469,1.151,1.458,1.074,0.9555,0.976,0.82,0.4745,0.1945,0.373,0.2695,1.609,0.159,1.555,0.147,0.459,0.4795,0.833,0.184,0.441,0.634,0.978,1.251,1.423,0.4905,0.848,0.422,0.815,0.3695,0.293,0.6175,0.6155,0.6875,0.2125,0.3015,0.7855,0.504,0.342,0.7215,0.2535,0.5255,0.775,0.5835,0.569,0.1405,0.3795,0.223,0.8635,0.6865,0.5485,0.3135,0.3415,1.18,0.168,0.323,0.185,0.2835,0.314,0.1515,0.242,0.1305,0.22,0.137,0.459,0.4055,0.2505,0.3215,0.4535,0.4185,0.2755,0.183,0.122,0.124,0.996,1.59,1.053,0.381,0.461,0.283,0.885
1992,0.1785,0.134,0.132,0.2185,0.1395,0.123,0.188,0.1755,0.202,0.438,0.208,0.267,0.1455,0.146,0.1055,0.1615,0.0935,0.087,0.201,0.074,0.259,0.4115,0.273,0.2495,0.0875,0.166,0.1195,0.137,0.2375,0.1805,0.215,0.139,0.1125,0.1065,0.147,0.131,0.234,0.182,0.296,0.2055,0.165,0.0995,0.1105,0.2055,0.2345,0.07,0.1685,0.4615,0.12,0.664,0.587,0.2735,0.148,1.047,0.135,0.546,0.28,0.2915,0.315,0.636,0.776,0.3075,1.025,0.3585,1.027,0.304,0.166,0.1755,0.1275,0.7855,0.6245,0.853,1.048,0.413,0.796,0.562,0.8705,0.3315,0.1325,0.243,0.201,0.758,0.143,0.578,0.139,0.199,0.178,0.2895,0.1145,0.3435,0.475,0.661,0.612,0.864,0.332,0.346,0.1845,0.2995,0.171,0.1815,0.3165,0.4265,0.531,0.1445,0.187,0.441,0.335,0.2065,0.458,0.1585,0.4615,0.364,0.168,0.1645,0.114,0.2685,0.1635,0.6745,0.3255,0.333,0.141,0.281,0.636,0.147,0.1975,0.157,0.1935,0.148,0.085,0.197,0.1105,0.139,0.118,0.47,0.2535,0.178,0.201,0.34,0.3315,0.175,0.1365,0.144,0.16,0.649,0.697,0.321,0.1725,0.409,0.161,0.252
1993,0.122,0.134,0.1635,0.183,0.1715,0.221,0.241,0.214,0.168,0.6315,0.2795,0.33,0.184,0.2285,0.104,0.209,0.115,0.06,0.1955,0.099,0.2995,0.657,0.26,0.357,0.0925,0.159,0.105,0.128,0.268,0.206,0.3965,0.2385,0.2275,0.1735,0.219,0.143,0.2375,0.163,0.284,0.191,0.137,0.1355,0.087,0.1345,0.266,0.042,0.2895,0.3945,0.1285,0.8545,0.5345,0.2445,0.19,1.214,0.127,0.7895,0.2635,0.24,0.5165,0.8895,1.2775,0.638,1.063,0.735,1.2305,0.428,0.268,0.348,0.1755,1.0145,0.872,1.0405,1.049,0.803,1.433,0.829,0.7485,0.4425,0.1735,0.283,0.1985,1.2445,0.135,0.696,0.1435,0.159,0.2495,0.406,0.122,0.281,0.62,0.652,0.7335,1.164,0.3635,0.4575,0.372,0.3945,0.2335,0.313,0.4595,0.4895,0.7835,0.15,0.1935,0.425,0.385,0.2305,0.5895,0.208,0.3625,0.457,0.3045,0.4455,0.1155,0.365,0.2945,0.533,0.4475,0.3655,0.211,0.3615,0.614,0.1615,0.2145,0.2455,0.2895,0.279,0.143,0.184,0.0995,0.133,0.184,0.268,0.364,0.205,0.301,0.418,0.295,0.185,0.1175,0.123,0.143,0.806,0.934,0.494,0.1775,0.3935,0.203,0.379
1994,0.1175,0.1715,0.1275,0.184,0.0875,0.1415,0.1645,0.1175,0.1125,0.445,0.3505,0.3615,0.1755,0.2335,0.1485,0.1995,0.131,0.0845,0.181,0.1325,0.322,0.553,0.3845,0.43,0.1005,0.191,0.125,0.1205,0.181,0.145,0.2515,0.158,0.162,0.145,0.189,0.196,0.3015,0.146,0.265,0.1955,0.059,0.1125,0.096,0.181,0.2535,0.1275,0.212,0.4525,0.111,0.6805,0.5215,0.2125,0.317,1.225,0.119,0.591,0.513,0.1565,0.5865,0.593,1.228,0.435,0.93,0.6815,1.174,0.377,0.37,0.269,0.231,1.2525,1.0135,0.927,1.047,1.131,1.08,0.882,0.8785,0.3795,0.131,0.3295,0.118,0.957,0.143,0.619,0.172,0.206,0.2965,0.512,0.1185,0.23,0.6355,0.7015,0.738,0.899,0.425,0.5285,0.46,0.3385,0.2305,0.4405,0.507,0.5275,0.624,0.1775,0.2465,0.4255,0.4725,0.285,0.6655,0.1715,0.2915,0.5065,0.3885,0.353,0.1015,0.428,0.3105,0.6415,0.5035,0.4105,0.237,0.325,0.5185,0.1585,0.2375,0.2095,0.3295,0.248,0.15,0.184,0.1025,0.178,0.242,0.3315,0.38,0.2255,0.333,0.3525,0.3405,0.1685,0.1065,0.119,0.06,0.8335,0.953,0.53,0.1255,0.376,0.152,0.535
1995,0.1255,0.1215,0.0905,0.1975,0.111,0.191,0.2615,0.1795,0.114,0.5235,0.541,0.314,0.215,0.2305,0.131,0.123,0.1505,0.068,0.1205,0.0835,0.242,0.5565,0.2975,0.302,0.0925,0.254,0.1355,0.092,0.1335,0.141,0.244,0.1365,0.1825,0.064,0.148,0.1045,0.2695,0.1525,0.2015,0.162,0.077,0.1195,0.146,0.223,0.4055,0.1475,0.3415,0.692,0.1485,0.7725,0.5535,0.1675,0.336,1.331,0.167,0.8575,0.545,0.18,0.6345,0.602,1.4215,0.4775,0.754,0.7755,1.235,0.315,0.392,0.284,0.3115,1.389,1.003,1.0185,1.282,1.203,0.968,1.3525,0.7015,0.444,0.1335,0.3135,0.112,1.455,0.198,1.038,0.133,0.166,0.316,0.5665,0.114,0.126,0.6875,0.756,0.7735,1.096,0.694,0.442,0.4595,0.4355,0.2815,0.4715,0.523,0.4355,0.912,0.125,0.2685,0.517,0.512,0.2695,0.618,0.1255,0.245,0.563,0.4515,0.4545,0.0905,0.46,0.2785,0.763,0.586,0.4255,0.2275,0.2775,0.57,0.1445,0.222,0.2365,0.2995,0.248,0.1515,0.2095,0.111,0.101,0.191,0.3785,0.3015,0.2615,0.2855,0.3105,0.3295,0.2295,0.1165,0.139,0.147,0.875,1.224,0.537,0.218,0.4355,0.281,0.501
1996,0.1385,0.0965,0.073,0.1925,0.115,0.1445,0.1605,0.136,0.1045,0.4995,0.435,0.338,0.198,0.1935,0.1055,0.1105,0.2035,0.0735,0.115,0.102,0.2775,0.681,0.298,0.235,0.111,0.301,0.117,0.1315,0.135,0.1455,0.3025,0.177,0.1945,0.1185,0.226,0.1325,0.3015,0.155,0.162,0.1985,0.059,0.1005,0.13,0.165,0.533,0.253,0.2945,0.635,0.123,0.884,0.585,0.1075,0.326,1.414,0.095,0.783,0.533,0.2635,0.5555,0.7645,1.2245,0.4925,0.71,0.561,1.036,0.298,0.339,0.315,0.431,1.505,1.154,1.1655,1.081,1.057,0.8225,1.2855,0.7045,0.425,0.1065,0.321,0.1335,1.4175,0.143,1.166,0.17,0.206,0.317,0.535,0.0995,0.174,0.8375,0.975,0.7835,0.9,0.836,0.4965,0.6345,0.5525,0.1945,0.42,0.3735,0.346,0.7285,0.1345,0.246,0.58,0.4925,0.2855,0.5665,0.146,0.417,0.438,0.3535,0.369,0.088,0.3965,0.207,1.0095,0.5065,0.433,0.249,0.3215,0.604,0.0945,0.2005,0.2395,0.204,0.279,0.093,0.1495,0.084,0.118,0.236,0.3785,0.2375,0.2,0.2215,0.2215,0.358,0.29,0.1825,0.133,0.231,0.848,1.177,0.429,0.157,0.396,0.245,0.529
1997,0.117,0.198,0.086,0.1985,0.1875,0.257,0.1985,0.2875,0.178,0.8205,1.3045,0.354,0.283,0.354,0.131,0.1295,0.2135,0.0715,0.1335,0.086,0.3115,0.962,0.255,0.264,0.098,0.358,0.1775,0.107,0.129,0.1465,0.3445,0.169,0.155,0.152,0.179,0.124,0.3485,0.209,0.1815,0.183,0.067,0.123,0.182,0.254,0.5675,0.719,0.515,0.8065,0.126,0.8075,0.727,0.189,0.316,1.368,0.167,0.818,0.547,0.3385,0.6825,0.828,1.259,0.6545,0.761,0.844,0.7955,0.297,0.582,0.4725,0.507,1.739,1.315,1.38,1.523,1.327,1.3205,1.2065,0.914,0.4415,0.1375,0.3505,0.2335,1.312,0.159,1.262,0.1725,0.206,0.378,0.599,0.099,0.321,1.156,1.4695,1.08,1.406,0.9625,0.6795,0.795,1.091,0.271,0.558,0.5285,0.566,0.8285,0.1585,0.2775,0.641,0.454,0.393,0.834,0.159,0.4655,0.544,0.426,0.401,0.1085,0.539,0.2425,1.1535,0.698,0.5085,0.2855,0.3765,0.7705,0.137,0.2585,0.3915,0.379,0.248,0.0785,0.1905,0.087,0.166,0.23,0.4885,0.285,0.26,0.3925,0.3035,0.4065,0.297,0.191,0.087,0.162,1.1125,2.252,0.991,0.174,0.4385,0.293,0.558
1998,0.17,0.211,0.074,0.1685,0.1275,0.2105,0.0835,0.112,0.127,0.6475,0.5525,0.283,0.322,0.266,0.1145,0.1295,0.217,0.0995,0.136,0.096,0.273,0.6845,0.2805,0.2485,0.073,0.237,0.13,0.1175,0.133,0.1345,0.297,0.119,0.155,0.1695,0.1655,0.1085,0.333,0.1575,0.2245,0.1945,0.077,0.123,0.2045,0.238,0.3625,0.4095,0.46,0.746,0.1545,0.507,0.5055,0.153,0.316,1.061,0.151,0.6895,0.3455,0.2155,0.491,0.497,1.037,0.377,0.5425,0.39,0.297,0.231,0.424,0.2585,0.472,0.817,0.793,0.8595,0.859,0.713,0.786,0.996,0.671,0.3465,0.1975,0.344,0.15,0.912,0.143,1.056,0.17,0.167,0.2555,0.516,0.1,0.129,0.875,0.9845,0.6535,0.734,0.7555,0.5365,0.5365,0.6805,0.1865,0.3685,0.3955,0.44,0.67,0.169,0.3205,0.4995,0.376,0.29,0.5525,0.191,0.3285,0.4085,0.348,0.4065,0.1615,0.3645,0.1755,0.653,0.5845,0.3625,0.255,0.305,0.51,0.0775,0.2565,0.2865,0.2755,0.248,0.1065,0.1365,0.151,0.082,0.195,0.4095,0.316,0.2375,0.303,0.285,0.349,0.2725,0.1965,0.119,0.088,0.823,1.46,0.977,0.1895,0.418,0.207,0.352
1999,0.14,0.1165,0.0615,0.1545,0.0865,0.208,0.138,0.2205,0.1075,0.8395,1.082,0.2395,0.1825,0.3845,0.118,0.1005,0.1795,0.0715,0.082,0.082,0.26,0.6275,0.2385,0.206,0.082,0.46,0.244,0.147,0.1395,0.1235,0.4195,0.151,0.1785,0.205,0.2215,0.134,0.285,0.1975,0.1845,0.2025,0.054,0.121,0.169,0.176,0.254,0.363,0.752,0.918,0.1005,0.5735,0.4745,0.2055,0.39,1.1,0.143,0.6455,0.2795,0.2505,0.402,0.706,1.1435,0.652,0.4935,0.4315,0.542,0.31,0.603,0.2795,0.2935,1.0615,1.007,1.294,1.217,0.828,1.0355,1.135,0.8025,0.299,0.1225,0.2825,0.1695,1.1375,0.134,0.9525,0.218,0.222,0.2495,0.476,0.129,0.205,0.9775,0.9815,0.934,1.029,0.657,0.458,0.541,0.6005,0.283,0.4735,0.459,0.488,0.654,0.163,0.2685,0.531,0.3135,0.217,0.61,0.199,0.3175,0.449,0.396,0.487,0.1375,0.365,0.195,0.8375,0.6335,0.4275,0.1875,0.3075,0.6725,0.1105,0.3335,0.1765,0.218,0.217,0.114,0.0865,0.1225,0.081,0.102,0.2835,0.284,0.239,0.3315,0.2835,0.2475,0.2035,0.086,0.081,0.095,1.0305,1.586,1.714,0.221,0.341,0.139,0.459
2000,0.121,0.1185,0.047,0.1625,0.102,0.3365,0.1455,0.167,0.1165,0.6815,1.127,0.2,0.173,0.257,0.112,0.1265,0.181,0.0635,0.076,0.0745,0.3015,0.655,0.2825,0.181,0.184,0.308,0.13,0.165,0.1315,0.1515,0.3445,0.168,0.1625,0.2695,0.1785,0.139,0.222,0.1195,0.184,0.1655,0.064,0.0925,0.2135,0.2105,0.2985,0.3775,0.5835,1.1355,0.128,0.489,0.4095,0.225,0.264,0.815,0.111,0.5405,0.2905,0.197,0.4615,0.754,1.3675,0.4735,0.566,0.468,0.755,0.24,0.609,0.3295,0.5235,1.1485,0.6875,1.534,1.313,0.888,0.5905,0.82,1.063,0.348,0.182,0.3135,0.1615,1.0165,0.159,0.8075,0.162,0.167,0.3045,0.5875,0.092,0.1785,1.208,1.0045,0.8915,0.778,0.704,0.4105,0.703,0.5045,0.1865,0.38,0.3485,0.3455,0.51,0.145,0.2385,0.4545,0.298,0.188,0.503,0.156,0.3835,0.3135,0.4695,0.3115,0.19,0.317,0.197,0.9285,0.4515,0.426,0.2555,0.1995,0.6765,0.0895,0.2475,0.2135,0.1925,0.187,0.088,0.082,0.138,0.042,0.191,0.3465,0.253,0.153,0.3475,0.2695,0.2985,0.173,0.057,0.07,0.082,0.7035,1.2,0.381,0.0845,0.2275,0.093,0.344
2001,0.152,0.0825,0.0535,0.109,0.103,0.2265,0.1225,0.1405,0.1255,0.4995,0.651,0.1435,0.1,0.2335,0.0415,0.091,0.1345,0.0655,0.0565,0.053,0.221,0.451,0.1955,0.153,0.104,0.261,0.1015,0.0845,0.1,0.1265,0.4905,0.1125,0.111,0.3325,0.172,0.087,0.151,0.1075,0.1055,0.103,0.052,0.0645,0.173,0.143,0.2475,0.2835,0.541,0.604,0.1095,0.428,0.205,0.0885,0.169,0.443,0.127,0.4745,0.201,0.046,0.2595,0.4545,0.7905,0.328,0.528,0.346,0.457,0.081,0.354,0.193,0.4915,1.039,0.696,1.276,1.1,0.934,0.739,0.609,1.247,0.2845,0.193,0.231,0.0955,0.789,0.127,0.845,0.1355,0.147,0.2455,0.489,0.051,0.0595,0.8555,0.61,0.4105,0.701,0.4215,0.1775,0.2635,0.361,0.127,0.333,0.29,0.2995,0.5135,0.1185,0.19,0.3775,0.199,0.1435,0.3325,0.155,0.2295,0.2695,0.2905,0.222,0.141,0.2435,0.1235,0.5435,0.29,0.2545,0.114,0.2025,0.6615,0.033,0.23,0.104,0.1335,0.117,0.06,0.0735,0.054,0.042,0.052,0.239,0.19,0.1425,0.2415,0.21,0.185,0.1895,0.0455,0.074,0.065,0.574,0.783,0.349,0.0795,0.181,0.108,0.29
2002,0.175,0.043,0.0635,0.146,0.109,0.1215,0.0855,0.1355,0.0595,0.6465,0.1035,0.109,0.091,0.1385,0.0435,0.038,0.107,0.048,0.047,0.063,0.1225,0.296,0.198,0.1095,0.0395,0.237,0.074,0.0865,0.1485,0.1225,0.3485,0.0935,0.147,0.3455,0.1175,0.0765,0.1255,0.054,0.059,0.0595,0.054,0.041,0.057,0.0445,0.2015,0.174,0.21,0.4155,0.137,0.383,0.3975,0.1795,0.148,0.657,0.087,0.442,0.2005,0.225,0.375,1.098,1.411,0.3275,0.5835,0.404,0.6635,0.093,0.444,0.2815,0.3755,0.8205,0.528,1.113,0.523,0.795,0.5685,0.649,1.474,0.1425,0.1555,0.2075,0.1185,0.5995,0.106,0.6425,0.112,0.053,0.1195,0.2345,0.042,0.129,0.7675,0.2715,0.3265,0.359,0.269,0.1475,0.1595,0.2735,0.1075,0.2515,0.25,0.1825,0.4245,0.1135,0.1335,0.1135,0.1495,0.094,0.1305,0.1645,0.1555,0.215,0.1215,0.2005,0.0665,0.2335,0.0825,0.641,0.2795,0.2165,0.0825,0.1645,0.5435,0.0665,0.1185,0.0795,0.101,0.086,0.0635,0.0735,0.051,0.052,0.063,0.119,0.165,0.1355,0.146,0.1445,0.1255,0.138,0.036,0.06,0.039,0.477,0.761,0.317,0.0805,0.1685,0.077,0.149
2003,0.1455,0.079,0.0405,0.0975,0.057,0.168,0.0775,0.204,0.066,0.5275,0.419,0.1055,0.1015,0.137,0.0405,0.063,0.139,0.047,0.049,0.046,0.158,0.354,0.2375,0.11,0.058,0.23,0.052,0.0735,0.111,0.1025,0.254,0.0915,0.119,0.197,0.052,0.07,0.132,0.062,0.043,0.075,0.06,0.042,0.0605,0.064,0.2305,0.265,0.1815,0.7235,0.081,0.428,0.5835,0.186,0.18,0.601,0.124,0.4905,0.3125,0.1995,0.5775,1.4145,1.5565,0.4175,0.7185,0.7115,1.2115,0.176,0.539,0.4395,0.507,1.286,0.5265,1.618,1.128,0.748,0.631,0.7305,1.607,0.179,0.151,0.2505,0.1175,0.7135,0.124,0.863,0.1525,0.157,0.1415,0.4465,0.0485,0.1745,0.7625,0.666,0.3165,0.656,0.3925,0.3315,0.216,0.311,0.098,0.284,0.203,0.2135,0.515,0.088,0.151,0.2325,0.133,0.1005,0.2585,0.095,0.1435,0.282,0.1475,0.197,0.083,0.2225,0.087,0.53,0.239,0.2375,0.106,0.2105,0.5225,0.103,0.19,0.1085,0.061,0.086,0.0525,0.0755,0.0705,0.053,0.109,0.226,0.214,0.1815,0.1495,0.1475,0.119,0.2045,0.059,0.114,0.059,0.431,0.832,0.284,0.086,0.1235,0.109,0.172
2004,0.152,0.113,0.0655,0.1555,0.1225,0.2235,0.112,0.1705,0.1015,0.7925,0.435,0.1275,0.1875,0.1865,0.091,0.0815,0.169,0.1045,0.058,0.052,0.168,0.401,0.2005,0.1025,0.1275,0.205,0.224,0.1005,0.1385,0.068,0.144,0.109,0.123,0.112,0.103,0.063,0.176,0.114,0.0635,0.069,0.054,0.04,0.127,0.084,0.386,0.511,0.3295,1.0275,0.211,0.6635,0.775,0.1775,0.18,0.79,0.159,0.8815,0.358,0.3045,1.071,2.015,2.2905,0.7575,1.279,1.5675,1.831,0.333,1.121,0.6535,0.537,2.094,1.165,1.907,1.534,0.957,0.9935,0.885,2.1325,0.296,0.2065,0.3475,0.1795,0.888,0.142,1.0325,0.1975,0.285,0.2325,0.338,0.0685,0.326,1.434,1.26,0.5955,1.346,0.776,0.4495,0.5485,0.39,0.1625,0.463,0.4065,0.3365,0.899,0.1115,0.232,0.284,0.1265,0.241,0.271,0.13,0.1495,0.3115,0.2115,0.315,0.066,0.313,0.166,0.5615,0.3525,0.479,0.1115,0.3515,0.633,0.0795,0.216,0.198,0.1795,0.142,0.069,0.082,0.1355,0.123,0.058,0.248,0.2535,0.206,0.2525,0.489,0.104,0.2425,0.0455,0.228,0.061,0.6795,1.367,0.526,0.084,0.137,0.117,0.189
2005,0.2045,0.2645,0.076,0.1755,0.1085,0.2045,0.1555,0.182,0.0745,0.8795,0.5725,0.1205,0.2765,0.273,0.186,0.0835,0.202,0.177,0.075,0.1135,0.2775,0.5225,0.211,0.095,0.142,0.277,0.198,0.083,0.13,0.103,0.124,0.0855,0.1015,0.0755,0.0925,0.0555,0.2405,0.109,0.0785,0.045,0.067,0.0545,0.1255,0.086,0.546,0.714,0.3535,0.7985,0.1895,0.84,0.7425,0.1775,0.222,0.634,0.159,0.915,0.2835,0.357,1.2245,2.289,2.5335,1.0905,1.1915,1.6585,1.5145,0.624,1.003,0.6335,0.7605,2.0815,1.334,2.0645,2.475,1.615,1.482,1.1875,2.316,0.4585,0.1675,0.3795,0.2095,1.0425,0.143,1.226,0.247,0.24,0.2075,0.3765,0.1085,0.52,1.695,1.196,0.8045,1.099,1.021,0.424,0.592,0.4505,0.2285,0.5065,0.514,0.4635,0.9235,0.123,0.206,0.488,0.211,0.226,0.4605,0.1355,0.1185,0.482,0.2,0.3085,0.1515,0.3485,0.292,0.613,0.471,0.6175,0.1645,0.401,0.724,0.0875,0.2275,0.2625,0.186,0.094,0.072,0.135,0.1465,0.092,0.114,0.318,0.316,0.2695,0.3325,0.395,0.14,0.225,0.0675,0.13,0.088,0.7645,1.251,0.57,0.0715,0.0635,0.063,0.157
2006,0.1915,0.2155,0.061,0.142,0.134,0.2615,0.1535,0.2775,0.0625,0.587,0.815,0.1285,0.2685,0.204,0.144,0.0605,0.1575,0.15,0.066,0.119,0.259,0.39,0.186,0.095,0.149,0.142,0.103,0.117,0.126,0.111,0.119,0.1145,0.1135,0.0625,0.078,0.049,0.2375,0.0815,0.124,0.0705,0.045,0.0425,0.1395,0.1165,0.241,0.3175,0.242,0.7995,0.1455,0.3965,0.426,0.1875,0.158,0.79,0.138,0.7325,0.224,0.2145,1.055,1.8805,2.259,0.554,0.812,1.258,1.0335,0.509,0.655,0.615,0.5425,1.8805,0.837,1.441,1.619,0.642,0.8165,0.739,1.8715,0.221,0.174,0.3325,0.0995,0.5215,0.103,0.6145,0.2375,0.175,0.1865,0.2535,0.108,0.2525,1.1815,1.2875,0.506,0.655,0.8165,0.3465,0.376,0.268,0.147,0.34,0.442,0.293,0.7055,0.1325,0.205,0.347,0.1805,0.2495,0.3045,0.1225,0.1105,0.243,0.169,0.173,0.2085,0.269,0.2665,0.517,0.244,0.4565,0.173,0.299,0.5115,0.059,0.236,0.216,0.123,0.079,0.0605,0.214,0.186,0.148,0.081,0.3005,0.2845,0.2535,0.2215,0.2055,0.203,0.306,0.059,0.148,0.064,0.2115,0.527,0.442,0.0525,0.0695,0.142,0.173
2007,0.2865,0.3175,0.118,0.16,0.2635,0.233,0.206,0.1875,0.0575,1.1145,1.272,0.2565,0.3155,0.3335,0.2265,0.0835,0.28,0.1655,0.0725,0.205,0.373,0.6405,0.248,0.0995,0.1875,0.301,0.15,0.14,0.2065,0.0915,0.132,0.132,0.1175,0.102,0.086,0.0405,0.317,0.1795,0.1525,0.0645,0.062,0.0545,0.246,0.1795,0.345,0.426,0.489,1.0315,0.2925,0.8085,0.633,0.2605,0.317,0.727,0.159,1.0435,0.3395,0.3395,1.3415,2.3475,2.219,1.117,1.286,1.41,1.356,0.652,0.854,0.9365,0.621,2.173,1.293,1.8435,2.093,1.276,1.1785,0.8255,2.0105,0.4905,0.182,0.4275,0.158,0.8625,0.153,0.7645,0.317,0.561,0.2915,0.4715,0.128,0.4575,1.334,1.4665,0.7395,1.217,0.7285,0.4705,0.5645,0.4885,0.2825,0.5065,0.613,0.4175,1.0935,0.1975,0.264,0.5825,0.272,0.349,0.4165,0.137,0.19,0.319,0.232,0.355,0.332,0.3485,0.28,0.771,0.493,0.586,0.277,0.415,0.664,0.088,0.3545,0.3495,0.1735,0.164,0.084,0.255,0.205,0.146,0.079,0.4745,0.474,0.3645,0.3165,0.2205,0.12,0.2515,0.113,0.092,0.041,0.34,0.781,0.452,0.184,0.0585,0.25,0.196
2008,0.2485,0.185,0.061,0.1135,0.1725,0.2635,0.198,0.151,0.0595,0.7975,0.6415,0.145,0.2515,0.212,0.1585,0.049,0.196,0.075,0.0675,0.1325,0.269,0.2955,0.204,0.097,0.186,0.181,0.0805,0.1905,0.237,0.0945,0.1155,0.152,0.155,0.06,0.0915,0.053,0.301,0.183,0.1215,0.0765,0.062,0.0445,0.1795,0.1595,0.2035,0.2785,0.2215,0.673,0.1405,0.476,0.4745,0.284,0.253,0.443,0.158,0.911,0.2605,0.271,0.934,1.5755,1.7665,0.724,1.0045,1.119,0.809,0.455,0.453,0.6165,0.3265,1.3485,0.847,1.213,1.302,0.554,0.9725,0.534,1.4185,0.394,0.199,0.379,0.1345,0.6145,0.084,0.6115,0.317,0.365,0.2265,0.4885,0.1105,0.3,1.2835,0.9065,0.4655,0.511,0.549,0.2825,0.2805,0.268,0.198,0.331,0.26,0.339,0.8505,0.1545,0.241,0.212,0.1685,0.2225,0.273,0.154,0.134,0.2395,0.1215,0.2335,0.171,0.2535,0.185,0.3935,0.2805,0.362,0.1225,0.207,0.423,0.0615,0.2745,0.189,0.154,0.125,0.079,0.134,0.1155,0.158,0.091,0.38,0.3475,0.3015,0.217,0.2135,0.113,0.2095,0.0605,0.074,0.064,0.22,0.506,0.198,0.0925,0.0655,0.101,0.118
2009,0.097,0.1045,0.0525,0.048,0.095,0.3765,0.1645,0.2325,0.0525,0.795,0.6855,0.0995,0.127,0.193,0.1445,0.0945,0.1195,0.0445,0.051,0.088,0.2065,0.2785,0.118,0.1115,0.136,0.23,0.0865,0.1735,0.158,0.076,0.185,0.11,0.123,0.0885,0.0805,0.039,0.19,0.0755,0.1145,0.053,0.032,0.04,0.1025,0.0685,0.2025,0.2065,0.1335,0.519,0.1205,0.4595,0.5365,0.2045,0.169,1.175,0.085,0.6775,0.248,0.2125,0.9505,1.339,1.2615,0.644,0.888,0.8885,0.523,0.384,0.464,0.6955,0.365,1.092,0.7945,1.141,1.197,0.491,0.691,0.2905,2.087,0.268,0.23,0.3005,0.091,0.6555,0.095,0.57,0.523,0.245,0.145,0.258,0.132,0.206,0.951,0.5865,0.3215,0.898,0.3505,0.319,0.151,0.183,0.1185,0.2365,0.285,0.204,0.75,0.0875,0.1705,0.177,0.0965,0.142,0.1825,0.096,0.067,0.132,0.1635,0.166,0.08,0.1325,0.1345,0.315,0.269,0.283,0.1015,0.174,0.3055,0.0515,0.214,0.15,0.083,0.093,0.0815,0.0875,0.0665,0.058,0.069,0.2845,0.3565,0.222,0.156,0.0865,0.24,0.2925,0.062,0.091,0.034,0.2595,0.403,0.177,0.071,0.041,0.108,0.087
2010,0.143,0.153,0.035,0.1545,0.2115,0.145,0.189,0.1485,0.0725,1.1505,0.873,0.1215,0.283,0.284,0.171,0.0815,0.1575,0.0535,0.064,0.084,0.2675,0.342,0.199,0.094,0.223,0.237,0.171,0.117,0.253,0.049,0.1285,0.0935,0.107,0.087,0.064,0.0435,0.2055,0.134,0.334,0.0865,0.06,0.0505,0.1315,0.1655,0.4325,0.4835,0.161,1.1025,0.2265,0.8595,0.978,0.314,0.263,0.889,0.148,1.1135,0.3625,0.4225,1.698,1.749,1.617,0.6585,1.5795,1.912,0.9535,0.674,0.918,1.164,0.372,2.32,1.098,1.4055,1.206,0.492,1.44,0.357,2.4435,0.334,0.287,0.617,0.162,0.66,0.071,0.6625,0.9185,0.173,0.191,0.3805,0.106,0.5535,0.716,0.9005,0.671,1.468,0.6525,0.311,0.1745,0.2615,0.2115,0.339,0.8145,0.2685,1.0295,0.1545,0.1645,0.3115,0.1375,0.269,0.2965,0.1265,0.1555,0.2905,0.19,0.17,0.134,0.199,0.26,0.5045,0.331,0.4295,0.22,0.1995,0.4265,0.0595,0.1995,0.2445,0.14,0.156,0.081,0.1925,0.146,0.112,0.115,0.427,0.671,0.2855,0.247,0.1555,0.1795,0.309,0.058,0.106,0.096,0.216,0.572,0.269,0.062,0.059,0.117,0.134
2011,0.239,0.199,0.046,0.1635,0.211,0.124,0.177,0.129,0.0725,0.9165,0.4465,0.1715,0.377,0.284,0.1965,0.0805,0.206,0.107,0.0515,0.09,0.2385,0.3375,0.226,0.122,0.1815,0.18,0.1825,0.2055,0.2535,0.0625,0.1445,0.144,0.1665,0.0805,0.098,0.0505,0.2695,0.139,0.3465,0.105,0.077,0.0375,0.13,0.166,0.419,0.5905,0.1895,0.802,0.1865,0.942,1.0255,0.295,0.263,1.111,0.169,1.179,0.2565,0.4975,1.394,2.0085,2.0845,0.9625,1.9145,1.7745,1.084,0.485,1.047,1.2575,0.4205,2.7915,1.259,1.7905,1.333,0.6,1.425,0.3875,2.1425,0.4065,0.324,0.474,0.1985,0.8295,0.071,0.812,0.663,0.198,0.259,0.32,0.111,0.5065,1.619,0.905,0.701,1.513,0.7655,0.362,0.16,0.328,0.189,0.2655,0.6055,0.357,1.117,0.136,0.159,0.2455,0.1275,0.2535,0.2825,0.1535,0.1885,0.2475,0.2115,0.1785,0.1905,0.2225,0.2415,0.426,0.2785,0.3125,0.21,0.3665,0.4205,0.061,0.2565,0.243,0.15,0.219,0.061,0.1375,0.1255,0.129,0.139,0.332,0.428,0.254,0.236,0.1745,0.214,0.2935,0.076,0.085,0.092,0.3005,0.466,0.265,0.044,0.073,0.165,0.188
2012,0.1365,0.184,0.057,0.066,0.139,,,,,,,0.1615,0.454,0.262,0.198,0.129,0.1565,0.0775,0.0635,0.0925,0.245,0.3335,0.2305,0.07,0.1535,0.232,0.1495,0.153,0.2855,0.0685,0.1325,0.164,0.1505,0.039,0.093,0.039,0.1685,0.121,0.236,0.077,0.043,0.0375,0.139,0.1885,,,,,,0.762,0.9715,0.379,0.315,0.281,0.159,1.203,0.3485,0.5,1.3475,1.891,2.4395,1.177,1.88,1.567,1.2995,0.988,1.165,1.5295,0.48,2.419,1.372,1.859,1.205,0.677,1.3835,0.482,1.737,0.4405,0.2305,0.5205,0.1355,0.7635,0.103,0.6635,0.504,0.174,0.231,0.3425,0.1225,0.401,1.044,0.908,0.6945,0.78,0.8385,0.25,0.128,0.4425,0.1405,0.24,0.5545,0.381,1.3065,0.1045,0.0875,0.253,0.135,0.246,0.2055,0.1355,0.2075,0.195,0.2115,0.1635,0.1225,0.2055,0.1545,0.4725,0.3025,0.3805,0.1405,0.2795,0.397,0.0505,0.248,0.1965,0.1135,0.14,0.0545,0.127,0.1255,0.08,0.09,0.4895,0.397,0.349,0.205,0.1635,0.1345,0.133,0.051,0.065,0.067,0.4165,0.475,0.176,0.066,0.0635,0.158,0.127
2013,0.1785,0.1075,0.05,0.043,0.167,,,,,,,0.1215,0.394,0.1315,0.105,0.063,0.0955,0.057,0.0445,0.0735,0.1885,0.2695,0.161,0.072,0.1185,0.115,0.0795,0.1015,0.191,0.0845,0.091,0.126,0.175,0.043,0.099,0.0275,0.122,0.1305,0.166,0.056,0.07,0.057,0.0915,0.0675,,,,,,0.799,0.6895,0.2335,0.251,0.095,0.191,1.014,0.2125,0.448,0.5935,1.162,2.019,1.0325,0.953,0.937,0.973,0.669,1.185,0.739,0.368,1.786,1.1405,1.812,0.951,0.494,1.4325,0.2735,1.7635,0.3555,0.256,0.409,0.08,0.7625,0.079,0.5815,0.252,0.121,0.1415,0.231,0.0725,0.3245,0.778,0.3445,0.368,1.393,0.4905,0.236,0.1115,0.3655,0.198,0.163,0.343,0.2205,0.917,0.1335,0.0745,0.161,0.0815,0.151,0.1755,0.1065,0.168,0.1485,0.1215,0.1745,0.118,0.103,0.1175,0.3735,0.236,0.2135,0.1605,0.2865,0.298,0.0565,0.189,0.116,0.106,0.125,0.0445,0.1045,0.0935,0.077,0.064,0.284,0.3325,0.239,0.125,0.1095,0.0975,0.152,0.054,0.033,0.079,0.132,0.158,0.19,0.0625,0.044,0.165,0.134
2014,0.148,0.126,0.046,0.0255,0.092,,,,,,,,,,,,,,,,,,,,,,,0.1055,0.1125,0.077,0.072,0.0995,0.135,0.058,0.0485,0.026,0.076,0.0565,0.122,0.0515,0.043,0.0625,0.0715,0.052,,,,,,,,,,,,,,,,,,,,,,,,,,,,,,,,,,0.2105,0.1795,0.231,0.13,0.4395,0.141,0.3575,0.168,0.116,0.1265,0.153,0.067,0.2095,0.7865,0.489,0.364,0.909,0.6895,0.274,,,,,,,,,,,,,,,,,,,,,,,,,,,,,,,,,,,,,,0.363,0.302,0.1415,0.1065,0.0605,0.0345,0.1045,0.056,0.051,0.044,0.11,0.359,0.19,0.079,0.0655,0.148,0.116
2015,0.1555,0.235,0.0455,0.0735,0.1765,,,,,,,,,,,,,,,,,,,,,,,,,,,,,,,,,,,,,,,,,,,,,,,,,,,,,,,,,,,,,,,,,,,,,,,,,,,,,,,,,,,,,,,,,,,,,,,,,,,,,,,,,,,,,,,,,,,,,,,,,,,,,,,,,,,,,,,,,,,,,,,,,
2016,0.1655,0.2625,0.0795,0.1165,0.1825,,,,,,,,,,,,,,,,,,,,,,,,,,,,,,,,,,,,,,,,,,,,,,,,,,,,,,,,,,,,,,,,,,,,,,,,,,,,,,,,,,,,,,,,,,,,,,,,,,,,,,,,,,,,,,,,,,,,,,,,,,,,,,,,,,,,,,,,,,,,,,,,,
